"","fullname","y1939","y1940","y1941","y1942","y1943","y1944","y1945"
"1","Adolph Walter",1,14,8,0,0,0,0
"2","Balfanz Wilfried",1,3,3,0,0,0,0
"3","Bar Heinz",1,12,18,49,48,25,0
"4","Baun Albrecht",2,6,0,0,0,0,0
"5","Berthel Hans",2,5,0,0,0,0,0
"6","Böhner Otto",1,3,3,1,0,0,0
"7","Bretnütz Heinz (Pietzsch)",3,26,6,0,0,0,0
"8","Burschgens Josef",4,16,0,0,0,0,0
"9","Claus Georg",2,19,0,0,0,0,0
"10","Clausen Erwin",1,3,15,102,12,0,0
"11","Eberle Friedrich",1,2,0,0,3,2,0
"12","Eggers Leo",2,5,0,0,0,0,0
"13","Falck Wolfgang (Wolf)",5,3,0,0,0,0,0
"14","Fenske Walter",2,0,6,2,2,0,0
"15","Fleischmann Georg",4,2,0,0,0,0,0
"16","Fözö Josek 'Joschko'",1,14,10,0,0,0,0
"17","Fresia Heinz",4,4,0,0,0,0,0
"18","Frey Hugo",1,1,0,1,22,7,0
"19","Furher Gunther",2,10,3,2,0,0,0
"20","Gawlick Franz",2,5,1,0,0,0,0
"21","Geisshardt Friedrich (Fritz)",1,6,21,74,2,0,0
"22","Gentzen Johannes",15,1,0,0,0,0,0
"23","Gerhardt Werner",2,0,4,8,0,0,0
"24","Gerlitz Erich",3,6,8,6,0,1,0
"25","Glienke Joachim",2,4,0,0,0,0,0
"26","Gollob Gordon",2,3,80,64,0,0,0
"27","Grasser Hartmann",2,5,35,58,5,0,0
"28","Groth Erich",4,12,0,0,0,0,0
"29","Hahn Hans von",1,13,20,0,0,0,0
"30","Harder Harro",1,5,0,0,0,0,0
"31","Hauck Friedrich",4,3,0,0,0,0,0
"32","Held Alfred",2,0,1,0,3,0,0
"33","Henz Helmut",2,2,2,0,0,0,0
"34","Herzog Gerhard",1,1,4,4,0,0,0
"35","Hier Karl",2,14,0,0,0,0,0
"36","Hobein Wilhelm",3,11,0,0,0,0,0
"37","Hoffmann Wilhelm",1,0,0,1,0,9,0
"38","Jager Hans",5,3,0,0,0,3,0
"39","Joppien Hermann-Friedrich (Jupp)",1,29,40,0,0,0,0
"40","Jung Berthold",2,5,0,0,0,0,0
"41","Kaiser Franz",2,6,1,0,0,0,0
"42","Kauffmann Werner",1,9,0,0,0,0,0
"43","Kley Erwin",3,5,4,12,0,0,0
"44","Kobert Rudolf",1,6,0,0,0,0,0
"45","Kornatz Hans",2,2,0,19,5,4,0
"46","Koslowski Eduard",1,3,2,1,0,0,0
"47","Kuhlmann Erich",2,5,0,0,0,0,0
"48","Kutscha Herbert",1,2,0,2,11,4,0
"49","Lange Heinz",1,0,7,9,7,8,0
"50","Laufs Peter",1,1,4,0,0,0,0
"51","Lent Helmut",4,4,20,29,27,28,0
"52","Lessmann Wilhelm",2,0,0,4,0,0,0
"53","Lippert Wolfgang",1,16,9,0,0,0,0
"54","Mayer Hans-Karl",1,21,0,0,0,0,0
"55","Methfessel Werner",5,2,0,0,0,0,0
"56","Mölders Werner 'Vati'",3,52,47,0,0,0,0
"57","Muller Helmuth",1,8,0,0,0,0,0
"58","Münchenberg Joachim",1,22,44,0,13,0,0
"59","Niemeyer Otto",2,2,3,0,0,0,0
"60","Nordmann Karl-Gottfried",1,7,48,0,0,0,0
"61","Philipp Hans",1,18,0,52,80,1,0
"62","Pingel Rolf",2,15,5,0,0,0,0
"63","Pitcairn Douglas",2,5,0,0,0,0,0
"64","Prestele Ignaz",6,6,1,1,0,0,0
"65","Quaet-Faslem Klaus",4,0,2,44,2,1,0
"66","Rodel Gustav",1,16,12,40,10,15,0
"67","Rodel Gustav-Siegfried",1,18,16,40,10,15,0
"68","Rosenboom Hans-Folkert",1,6,0,0,0,0,0
"69","Rosenkranz Kurt",1,0,2,0,4,0,0
"70","Sawallisch Erwin",4,5,0,18,0,0,0
"71","Schirmbock Georg",3,6,0,0,0,0,0
"72","Schmidt Winfried",1,4,14,0,0,0,0
"73","Schneider Georg",4,9,0,0,2,0,0
"74","Schob Herbert",3,1,0,0,0,2,0
"75","Schroder Eduard",3,2,0,0,3,16,0
"76","Schuch Karl",8,0,0,0,0,0,0
"77","Schumann Heinz",2,2,1,0,1,0,0
"78","Specht Günther",3,3,0,0,18,10,0
"79","Steinhoff Johannes",2,3,2,65,25,5,0
"80","Stoll Jakob",3,14,0,0,0,0,0
"81","Stotz Max",1,7,0,75,54,0,0
"82","Struckmann Edgar",2,6,0,0,0,0,0
"83","Trautloft Hannes",1,7,21,19,8,0,0
"84","Wick Helmut",1,55,0,0,0,0,0
"85","Wilberg Heinz",2,0,0,1,1,3,0
"86","Wilke Wolf-Dietrich (Fürst)",1,15,21,121,1,6,0
"87","Willinger Franz",3,8,3,0,0,0,0
"88","Woltersdorf Helmut",1,6,7,10,0,0,0
"89","Wurmheller Josef (Sepp)",1,4,26,35,21,15,0
"90","Ziegler Rudolf",2,4,0,0,0,0,0
"91","Ademeit Horst",0,2,15,19,105,37,0
"92","Altendorf Heinz",0,6,2,0,0,0,0
"93","Altendorf Rudolf",0,2,6,3,10,0,0
"94","Ankum-Frank Albrecht von",0,8,0,0,0,0,0
"95","Aspern Roloff von",0,21,0,0,0,0,0
"96","Baagoe Sophus",0,16,1,0,0,0,0
"97","Balthasar Wilhelm",0,29,11,0,0,0,0
"98","Barten Franz",0,3,22,17,19,6,0
"99","Bauer Josef",0,9,0,0,0,0,0
"100","Bauer Viktor",0,3,33,70,0,0,0
"101","Becker Ludwig",0,2,8,26,6,0,0
"102","Beier Wilhelm",0,1,12,22,2,0,0
"103","Bender Jakob",0,2,1,1,2,0,0
"104","Bendert Karl-Heinz",0,6,2,34,3,6,4
"105","Bennemann Helmut",0,11,1,41,17,4,0
"106","Bertram Otto (Ottsch)",0,14,0,0,0,0,0
"107","Bethke Siegfried",0,6,1,2,0,0,0
"108","Beyer Franz",0,4,3,45,8,0,0
"109","Beyer Georg",0,10,0,0,0,0,0
"110","Blazytko Franz",0,5,36,0,0,0,0
"111","Blume Walter",0,8,0,0,0,5,0
"112","Bob Hans-Ekkard",0,19,20,14,5,0,0
"113","Bock Eberhard",0,9,13,2,1,4,0
"114","Bohn Paul",0,2,4,0,0,0,0
"115","Bolz Helmut-Felix",0,3,4,5,8,0,0
"116","Bonin Hubertus von",0,15,0,39,15,0,0
"117","Bonsch Herbert",0,5,6,10,0,0,0
"118","Borchers Adolf",0,2,21,13,42,23,0
"119","Borchers Walter",0,12,0,0,9,13,0
"120","Boremski Eberhard von",0,4,1,56,7,0,0
"121","Börngen Ernst",0,2,4,12,10,10,0
"122","Borris Karl",0,6,3,12,9,13,1
"123","Bosler Dietrich",0,6,0,0,0,0,0
"124","Braasch Kurt",0,2,1,0,2,3,0
"125","Brandle Kurt",0,7,1,90,52,0,0
"126","Braune Erhard",0,5,7,1,0,0,0
"127","Brugelmann Helmut",0,6,0,0,0,0,0
"128","Bucholz Max",0,9,18,1,0,0,0
"129","Buhl Adolf",0,11,0,0,0,0,0
"130","Buhligen Kurt",0,16,31,14,118,30,0
"131","Burk Alfred",0,2,0,0,6,0,0
"132","Busch Erwin",0,7,2,2,0,0,0
"133","Busgen Gunther",0,12,0,0,0,0,0
"134","Carganico Horst",0,6,1,0,3,3,0
"135","Christiansen Godborg",0,8,0,0,0,0,0
"136","Clade Josef-Emil",0,4,0,8,10,0,3
"137","Clerico Max",0,10,0,0,0,0,0
"138","Dahmer Hugo",0,9,0,1,7,0,0
"139","Dau Arthur",0,10,0,0,0,0,0
"140","Decker Otto",0,3,0,4,0,0,0
"141","Denk Gustav",0,1,5,46,16,0,0
"142","Dilling August",0,3,2,1,3,0,0
"143","Dobislav Max",0,10,7,0,0,0,0
"144","Dobrick Erich",0,2,0,0,3,4,0
"145","Dudeck Heinz",0,1,0,0,4,2,0
"146","Düllberg Ernst",0,6,4,8,10,9,0
"147","Ebbighausen Karl",0,12,0,0,0,0,0
"148","Ebeling Heinz",0,18,0,0,0,0,0
"149","Eberling Heinz",0,19,0,0,0,0,0
"150","Ebersberger Kurt",0,7,11,10,5,0,0
"151","Ebert Walter",0,1,0,5,12,3,0
"152","Eckardt Reinhold",0,3,12,7,0,0,0
"153","Eckerle Franz",0,4,33,22,0,0,1
"154","Ehle Walter",0,1,3,11,19,0,0
"155","Ehlers Hans",0,4,11,3,18,21,0
"156","Ehrenberger Rudolf",0,1,15,16,11,8,0
"157","Ehrler Heinrich",0,1,0,35,23,20,8
"158","Ewald Wolfgang",0,2,0,56,10,0,0
"159","Falkensamer Egon",0,4,0,0,3,0,0
"160","Fischer Siegfried",0,4,0,1,4,0,0
"161","Fleig Erwin",0,8,1,1,0,0,0
"162","Fleitz Hans",0,6,0,0,0,0,0
"163","Fluder Emmerich",0,6,3,1,0,0,0
"164","Forster Hermann",0,16,11,0,0,0,0
"165","Framm Gerhart",0,10,0,0,0,0,0
"166","Framm Gert",0,10,0,0,0,0,0
"167","Franke Alfred",0,4,8,48,0,0,0
"168","Franzisket Ludwig (Zirkus)",0,14,13,13,3,2,0
"169","Frentzel-Beyme Karl",0,2,4,5,0,0,0
"170","Freytag Siegfried",0,1,11,33,16,3,1
"171","Frhr. Ernst-Helmut",0,6,0,0,0,0,0
"172","Fricke Erich",0,1,6,1,0,0,0
"173","Friedrich Erich",0,2,2,5,0,0,0
"174","Frohlich Hans-Jurgen",0,1,6,4,0,0,0
"175","Fuchs Karl",0,1,10,19,33,0,0
"176","Fuhring Karl",0,7,4,0,0,0,0
"177","Galland Adolf (Dolfo)",0,59,41,0,0,2,7
"178","Gallowitsch Bernd",0,2,31,0,0,0,0
"179","Galubinski Hans",0,17,0,0,0,0,0
"180","Gartner Josef",0,13,0,0,0,0,0
"181","Gath Wilhelm",0,11,0,4,5,0,0
"182","Gildner Paul",0,3,13,14,4,0,0
"183","Gobel Siegfried",0,9,4,0,0,0,0
"184","Goedert Helmut",0,1,0,11,4,5,0
"185","Goltzsch Kurt",0,3,0,9,29,0,0
"186","Gottlob Heinrich",0,5,2,0,0,0,0
"187","Gottmann Leonhard",0,12,0,0,0,0,0
"188","Gotz Franz",0,11,1,10,6,6,0
"189","Götz Hans",0,3,14,26,34,0,0
"190","Graf Albin",0,9,0,0,0,0,0
"191","Graf Kurt",0,9,0,0,22,10,0
"192","Greisert Karl-Heinz (Heino)",0,9,10,14,0,0,0
"193","Griener Albert",0,4,1,1,0,2,0
"194","Griese Heinrich",0,2,12,0,0,0,0
"195","Grote Otto",0,6,0,0,0,0,0
"196","Gruber Viktor",0,1,0,9,0,0,0
"197","Grzymalla Gerhard",0,13,0,0,0,0,0
"198","Haase Arthur",0,6,0,0,0,0,0
"199","Haase Julius",0,8,0,0,0,0,0
"200","Haberland Karl",0,8,0,0,4,1,0
"201","Hachfeld Wilhelm",0,3,3,1,0,0,0
"202","Hackl Anton (Toni)",0,4,23,93,10,27,20
"203","Hahn Franz",0,7,10,0,0,0,0
"204","Hahn Hans",0,1,11,0,0,0,0
"205","Hahn Hans (Assi)",0,22,28,29,29,0,0
"206","Hahn Siegfried",0,1,0,0,7,0,0
"207","Haibock Josef",0,17,5,14,58,3,0
"208","Hauer Michael",0,11,0,0,0,0,0
"209","Haugk Helmut",0,9,4,3,0,0,0
"210","Hausmann Richard",0,5,3,0,0,0,0
"211","Heckmann Alfred (Fred)",0,3,24,26,5,12,1
"212","Heinbockel Hans-Erich",0,8,0,0,0,0,0
"213","Heinrich Kurt-Wilhelm",0,6,0,0,0,0,0
"214","Heinzeller Josef",0,6,1,6,0,2,0
"215","Heitmann Hans",0,4,0,3,9,3,0
"216","Heller Richard",0,3,7,0,3,1,0
"217","Helmer Karl",0,8,0,0,0,0,0
"218","Henrici Eberhard",0,6,0,0,0,0,0
"219","Hepe Hans-Jurgen",0,6,7,2,2,0,0
"220","Herget Wilhelm",0,17,2,13,33,12,0
"221","Hermes Wilhelm",0,14,0,0,0,0,0
"222","Hermichen Rolf-Günter",0,7,4,10,26,17,0
"223","Hess Gunther",0,4,1,7,2,0,0
"224","Heymann Rudolf",0,6,0,0,0,0,0
"225","Hilleke Otto-Heinrich",0,11,0,0,0,0,0
"226","Hofe Werner Pichon-Kalau von",0,6,0,9,0,0,0
"227","Hoffmann Heinrich",0,1,62,0,0,0,0
"228","Hoffmann Heinz",0,14,0,0,0,0,0
"229","Hoffmann Hermann",0,7,0,2,0,0,0
"230","Hoffmann Werner",0,2,0,2,16,26,6
"231","Hohagen Erich",0,10,19,0,12,8,0
"232","Hohnisch Heinrich",0,14,0,0,0,0,0
"233","Homuth Gerhard",0,15,18,28,2,0,0
"234","Hornig Gerhard",0,2,1,0,1,2,0
"235","Horten Walter",0,7,0,0,0,0,0
"236","Hott Heinrich",0,6,0,0,0,0,0
"237","Hrabak Dietrich",0,15,0,17,51,6,0
"238","Hubner Werner",0,13,0,0,0,0,0
"239","Hulshoff Karl",0,2,0,2,2,0,0
"240","Huppertz Herbert",0,5,29,3,22,17,1
"241","Huy Wolf-Dietrich",0,1,0,11,1,0,0
"242","Ihlefeld Herbert",0,26,21,33,1,12,0
"243","Ilner Johann",0,6,0,0,0,0,0
"244","Jabs Hans-Joachim",0,15,0,0,21,4,0
"245","Jackel Ernst",0,5,8,0,0,0,0
"246","Jaenisch Franz",0,6,2,0,0,0,0
"247","Jansen Josef",0,2,0,0,5,3,0
"248","Jentzsch Gerhard",0,7,0,0,0,0,0
"249","John Hans",0,9,0,0,0,0,0
"250","Jorke Helmut",0,13,0,0,0,0,0
"251","Jung Harald",0,3,10,0,0,0,0
"252","Jurgens Helmut",0,2,5,0,0,0,0
"253","Kageneck Erbo Graf von",0,13,54,0,0,0,0
"254","Kaiser Emil",0,7,1,0,6,1,0
"255","Kaiser Herbert",0,2,2,0,5,8,0
"256","Kaminski Herbert",0,3,2,0,1,0,0
"257","Kamp Hans-Karl",0,2,3,0,6,8,0
"258","Keil Gunther",0,15,2,0,0,0,0
"259","Keil Josef (Jupp)",0,7,0,0,0,3,7
"260","Keller Lothar",0,15,5,0,0,0,0
"261","Kempf Karl-Heinz",0,5,33,42,4,5,0
"262","Kijewski Herbert",0,5,0,0,1,0,0
"263","Kinzinger Adolf",0,2,4,0,0,0,0
"264","Kinzinger Adolf-Waldemar",0,7,0,0,0,0,0
"265","Klee Hans",0,7,0,0,0,0,0
"266","Klein Willi",0,2,0,0,6,5,0
"267","Klippgen Rolf",0,2,0,0,4,0,0
"268","Klopper Heinrich",0,2,19,110,17,0,0
"269","Koch Harry",0,3,5,0,28,0,0
"270","Kodderitzsch Gerhard",0,4,2,0,0,0,0
"271","Koenig Hans-Heinrich (Kira)",0,1,1,2,3,21,0
"272","Kohl Hermann",0,2,4,0,0,0,0
"273","Kolbow Hans",0,12,15,0,0,0,0
"274","Konopka Kuno-Adalbert",0,8,0,0,0,0,0
"275","Kosse Wolfgang",0,13,6,4,0,19,0
"276","Kothmann Willi",0,8,3,3,0,0,0
"277","Krafft Heinrich (Gaudi)",0,4,30,26,0,0,0
"278","Krafftschick Rudolf",0,6,0,0,0,0,0
"279","Krahl Karl-Heinz",0,15,3,1,0,0,0
"280","Krenz Herbert",0,3,2,5,0,0,0
"281","Krenzke Erich",0,1,3,3,0,0,0
"282","Krieger Walter",0,3,3,0,0,0,0
"283","Krug Hans",0,14,0,0,0,0,0
"284","Kuhrke Siegfried",0,8,0,0,0,0,0
"285","Kull Gustav",0,8,0,0,0,0,0
"286","Kunert Hans",0,9,0,0,0,0,0
"287","Kunert Heinz",0,8,0,0,0,0,0
"288","Kupper Heinz",0,3,2,3,2,0,0
"289","Labusga Erich",0,6,0,0,0,0,0
"290","Landry Hans-Herbert",0,8,0,0,0,0,0
"291","Langenberg Karl",0,9,0,0,0,0,0
"292","Lauffs Peter",0,6,0,0,0,0,0
"293","Lausch Bernhard",0,5,0,2,0,0,0
"294","Leesmann Karl-Heinz",0,14,6,0,5,0,0
"295","Lehmann Georg",0,7,0,0,0,0,0
"296","Leie Erich",0,11,22,12,59,14,4
"297","Leipelt Wilhelm",0,7,0,0,0,0,0
"298","Leonhard Karl",0,3,0,4,4,0,0
"299","Leppla Richard",0,12,0,4,0,0,0
"300","Leschert Heinrich",0,1,5,17,0,0,0
"301","Leschnig Max",0,7,2,0,0,0,0
"302","Leykauf Erwin",0,5,8,15,2,3,0
"303","Lignitz Arnold",0,19,6,0,0,0,0
"304","Linke Lothar",0,1,2,8,16,0,0
"305","Lippe-Weissenfeld Egmont Prinz zur",0,2,7,22,16,0,0
"306","Litjens Stefan (Stef)",0,7,18,5,3,6,0
"307","Lohoff Helmut",0,3,6,0,0,0,0
"308","Losigkeit Fritz",0,7,0,0,34,12,0
"309","Luders Franz",0,12,0,0,0,0,0
"310","Luth Detlev",0,3,1,8,8,0,0
"311","Lützow Günther",0,18,83,2,0,0,2
"312","Machold Werner",0,26,5,0,0,0,0
"313","Mader Anton",0,3,0,30,3,15,0
"314","Marseille Hans-Joachim",0,7,29,122,0,0,0
"315","Matoni Walter",0,1,3,0,5,25,0
"316","Matuschka Siegfried Graf von",0,1,8,11,9,0,0
"317","Mayer Egon",0,3,27,0,34,12,0
"318","Mayerl Maximilian",0,4,8,0,42,0,0
"319","Meckel Helmut",0,9,16,0,0,0,0
"320","Meimberg Julius",0,9,5,0,3,7,0
"321","Menge Robert",0,13,2,0,0,0,0
"322","Mertens Helmut",0,4,0,0,2,1,0
"323","Meyer Erich",0,6,0,0,0,0,0
"324","Meyer Karl-Heinz",0,6,0,0,0,0,0
"325","Meyer Otto",0,1,5,0,4,13,0
"326","Meyer Walter",0,11,5,0,0,0,0
"327","Michalski Gerhard",0,8,16,0,13,13,1
"328","Mietusch Klaus",0,2,13,24,31,21,0
"329","Moller Hans-Jurgen von",0,1,2,18,0,0,0
"330","Muller Alfred",0,11,0,0,9,30,0
"331","Muller August",0,4,0,0,38,4,0
"332","Muller Helmut",0,7,0,0,0,0,0
"333","Muller Wilhelm",0,19,0,0,0,2,0
"334","Müller Friedrich-Karl (Tutti)",0,10,13,162,13,23,0
"335","Muller-Duhe Gerhard",0,7,0,0,0,0,0
"336","Mutherich Hubert",0,6,0,0,0,0,0
"337","Nacke Heinz",0,14,0,0,0,0,0
"338","Naumann Johannes",0,2,0,0,14,0,0
"339","Neuerburg Erwin",0,7,0,0,0,0,0
"340","Neuhoff Hermann",0,10,25,0,0,0,0
"341","Neumann Eduard",0,5,5,0,0,0,0
"342","Oesau Walter ""Gulle""",0,40,61,6,1,14,0
"343","Ohlrogge Walter",0,1,0,54,0,0,0
"344","Olejnik Robert",0,4,33,0,5,0,0
"345","Oschenkuhn Anton",0,7,0,0,0,0,0
"346","Oseau Walter ""Gulle""",0,40,61,3,1,8,0
"347","Ostermann Max-Hellmuth",0,8,37,116,0,0,0
"348","Pausinger Paul",0,7,5,6,11,0,0
"349","Petermann Werner",0,6,0,0,0,0,0
"350","Pfeiffer Karl",0,5,8,12,8,1,0
"351","Pflanz Rudolf (Rudi)",0,5,18,58,0,0,0
"352","Philipp Wilhelm",0,10,2,12,38,14,0
"353","Pöhs Josef (Joschi)",0,7,36,0,0,0,0
"354","Priller Josef (Pips)",0,21,38,25,14,6,0
"355","Rall Gunther",0,1,0,62,151,23,0
"356","Rau Helmut",0,7,0,0,0,0,0
"357","Rauch Alfred",0,1,4,12,9,0,0
"358","Redlich Wolfgang",0,10,24,0,0,1,0
"359","Reibel Ludwig",0,2,2,23,0,0,0
"360","Repple Walter",0,7,0,5,4,0,0
"361","Reumschussel Helmut",0,9,0,0,0,0,0
"362","Richey Erwin",0,6,3,0,0,0,0
"363","Richter Hans",0,6,4,0,0,0,0
"364","Roch Eckardt",0,8,0,0,0,0,0
"365","Roders Carl-Hans",0,6,2,0,0,0,0
"366","Rohwer Detlev",0,4,24,0,4,3,0
"367","Rossiwall Theodor",0,4,1,0,1,0,0
"368","Rossmann Edmund",0,3,0,35,11,0,0
"369","Roth Jurgen",0,10,0,0,0,0,0
"370","Roth Willi",0,5,4,5,4,0,0
"371","Roth Willy",0,6,0,0,0,0,0
"372","Rudorffer Erich",0,18,22,7,68,57,12
"373","Ruppert Kurt",0,6,5,9,4,0,0
"374","Ruttger Karl",0,5,0,1,0,0,0
"375","Rysavy Martin",0,2,5,0,0,0,0
"376","Saborowski Rudolf",0,7,0,36,0,0,0
"377","Sannemann Heinrich",0,3,0,0,0,3,0
"378","Sauerwein Heinrich",0,6,1,0,0,0,0
"379","Schacht Arthur",0,2,4,0,0,0,0
"380","Schafer Hans-Christian",0,4,2,0,0,0,0
"381","Schalk Johann",0,9,0,0,0,0,0
"382","Schatzel Hans",0,12,0,0,0,0,0
"383","Schellmann Wolfgang",0,11,2,0,0,0,0
"384","Schentke Georg",0,4,1,58,0,0,0
"385","Scherer Walter",0,10,0,0,0,0,0
"386","Schilling Wilhelm",0,5,13,27,0,1,0
"387","Schindler Adalbert",0,3,0,12,2,0,0
"388","Schlichting Joachim",0,8,0,0,0,0,0
"389","Schlitzer Gottfried",0,6,3,3,0,0,0
"390","Schlotheim Ernst-Hartmann von",0,9,0,0,0,0,0
"391","Schmale Wilhelm",0,2,1,0,8,0,0
"392","Schmetzer Reinhold",0,4,3,5,2,0,0
"393","Schmid Johann",0,9,36,0,0,0,0
"394","Schmid Karl",0,14,0,0,0,0,0
"395","Schmid Rudolf",0,4,0,0,2,8,0
"396","Schmidt Erich",0,17,30,0,0,0,0
"397","Schmidt Heinz",0,2,5,60,32,0,0
"398","Schmidt Rudolf",0,4,4,4,1,3,0
"399","Schmitz Hans",0,6,3,0,0,3,0
"400","Schmoller-Haldy Hans",0,5,2,4,0,0,0
"401","Schnabel Heinz",0,6,0,0,0,0,0
"402","Schneider Hugo",0,2,7,2,0,0,0
"403","Schneider Walter",0,11,9,0,0,0,0
"404","Schnell Karl-Heinz",0,13,26,16,7,0,0
"405","Schnell Siegfried (Wumm)",0,20,39,23,13,6,0
"406","Schnoor Emil",0,4,0,0,4,7,0
"407","Scholz Gunter",0,11,0,0,0,0,0
"408","Scholz Gunther",0,5,15,4,3,0,0
"409","Schonherr Johann",0,3,4,0,0,0,0
"410","Schopfel Gerd",0,5,8,1,0,0,0
"411","Schöpfel Gerhard (Gerd)",0,25,14,10,0,0,0
"412","Schott Georg (Murr)",0,13,1,0,4,0,0
"413","Schramm Herbert",0,9,1,1,4,0,0
"414","Schulte Hans-Georg",0,10,0,0,3,0,0
"415","Schultz Ernst-Albrecht",0,5,0,5,1,0,0
"416","Schulz Karl",0,2,0,0,4,0,0
"417","Schulz Otto",0,8,52,43,0,0,0
"418","Schulze-Blanck Gunther",0,13,0,0,0,0,0
"419","Schumacher Leo",0,4,0,0,1,3,0
"420","Schumann Friedrich",0,1,1,1,6,0,0
"421","Schumann Walter",0,4,0,8,2,0,0
"422","Seeger Günther (Hupatz)",0,4,15,7,19,9,2
"423","Seelman Georg",0,2,36,1,0,0,0
"424","Segatz Hermann",0,5,11,5,0,7,0
"425","Seifert Johannes (Hannes)",0,8,16,18,15,0,0
"426","Seiler Reinhard",0,3,39,39,18,0,0
"427","Selle Erich von",0,8,2,0,0,0,0
"428","Senoner Kurt",0,2,0,0,4,3,0
"429","Setz Heinrich",0,5,0,41,3,0,0
"430","Sidow Kurt",0,13,0,0,0,0,0
"431","Sommer Botho",0,11,0,0,0,0,0
"432","Sommer Hermann",0,2,8,3,3,0,0
"433","Sonner Michael",0,6,0,2,0,0,0
"434","Spitzer Lambert",0,4,2,0,0,0,0
"435","Sprenger Gerhard",0,10,0,0,0,0,0
"436","Sprick Gustav (Micky)",0,23,8,0,0,0,0
"437","Springer Herbert",0,4,0,6,0,0,0
"438","Staege Hermann",0,10,0,6,2,0,0
"439","Staiger Hermann",0,10,17,0,9,30,0
"440","Stange Willy",0,11,2,0,0,0,0
"441","Stangl Anton",0,10,0,0,0,0,0
"442","Stechmann Hans",0,9,1,0,0,0,0
"443","Steffen Karl",0,1,0,1,11,0,0
"444","Steffens Hans-Joachim",0,1,10,0,0,0,0
"445","Stendel Fritz",0,8,0,5,7,0,0
"446","Stengel Walter",0,2,10,6,0,0,0
"447","Stolle Bruno",0,3,12,16,4,0,0
"448","Strack Oskar",0,6,0,0,0,0,0
"449","Strakeljahn Friedrich-Wilhelm",0,5,0,3,0,0,0
"450","Straznicky Erwin",0,2,10,24,0,0,0
"451","Streib Werner",0,9,9,22,28,1,0
"452","Stritzel Fritz",0,12,1,3,0,0,0
"453","Strohlein Fritz",0,9,0,0,0,0,0
"454","Strüning Heinz",0,1,9,15,17,15,0
"455","Stumpf Werner (Stumpfen)",0,2,26,20,0,0,0
"456","Supke Heinz",0,7,0,0,0,0,0
"457","Tange Otto",0,2,34,19,0,0,0
"458","Taschner Rudolf",0,24,7,9,3,0,0
"459","Temme Paul",0,6,0,0,0,0,0
"460","Terry Ernst",0,10,0,0,0,0,0
"461","Tiedmann Helmut",0,12,0,0,0,0,0
"462","Tietzen Horst (Jakob)",0,20,0,0,0,0,0
"463","Tilly Hans",0,6,1,0,0,0,0
"464","Tismar Werner",0,14,0,13,0,0,0
"465","Tonne Wolfgang",0,4,9,90,19,0,0
"466","Tornow Heinrich",0,9,0,0,0,0,0
"467","Tratt Eduard",0,3,0,0,4,5,0
"468","Ubben Kurt (Kuddel)",0,1,61,37,14,0,0
"469","Ulenberg Horst",0,7,9,0,0,0,0
"470","Ultsch Fritz",0,6,0,0,0,0,0
"471","Umbach Hans",0,7,0,0,0,0,0
"472","Vogl Ferdinand",0,9,1,48,0,0,0
"473","Volk Josef",0,6,0,0,0,0,0
"474","Volker Heinz",0,5,9,0,0,0,0
"475","Votel Kurt",0,10,1,0,0,0,0
"476","Wagner Edmund",0,1,55,0,0,0,0
"477","Wandam Siegfried",0,1,0,8,5,0,0
"478","Wandel Joachim (Gnom)",0,2,0,46,0,0,0
"479","Weeber Hermann",0,6,0,0,0,0,0
"480","Wehmeyer Alfred",0,5,1,5,0,0,0
"481","Wehnelt Herbert",0,3,0,2,10,0,0
"482","Wemhoner Hans",0,12,0,0,0,0,0
"483","Wenzel Werner",0,2,1,8,0,0,0
"484","Werfft Peter",0,2,3,2,4,11,0
"485","Werra Franz von",0,8,13,0,0,0,0
"486","Wessling Otto",0,4,4,54,8,13,0
"487","Westerhoff Karl",0,7,0,0,0,0,0
"488","Westphal Hans-Jurgen",0,12,10,2,4,0,0
"489","Wiesinger Wilhelm",0,10,1,0,0,0,0
"490","Wiggers Ernst",0,12,0,0,0,0,0
"491","Willius Karl (Charly)",0,4,9,11,14,14,0
"492","Winterfeldt Alexander von",0,5,4,0,0,0,0
"493","Witzel Hans",0,6,8,0,0,0,0
"494","Woitke Erich",0,9,10,1,2,4,0
"495","Wubke Waldemar",0,6,5,2,2,0,0
"496","Zeis Alfred",0,6,0,0,0,0,0
"497","Ziehm Helmut",0,1,9,0,1,0,0
"498","Zilken Helmut",0,4,0,2,0,0,0
"499","Zirkenbach Igor",0,12,0,0,0,0,0
"500","Zweigart Eugen-Ludwig",0,1,8,45,6,8,0
"501","Zwernemann Josef",0,1,0,48,5,8,0
"502","Adam Hans-Gunther",0,0,4,2,0,0,0
"503","Ahnert Heinrich-Wilhelm",0,0,1,12,0,0,0
"504","Aistleitner Johann",0,0,4,8,1,2,0
"505","Alf Rudolf",0,0,4,1,2,0,0
"506","Aubrecht Hermann",0,0,7,6,0,0,0
"507","Augustin Jakob",0,0,9,6,0,0,0
"508","Autenrieth Hans",0,0,1,7,7,7,0
"509","Babenz Emil",0,0,7,14,2,0,0
"510","Bach Otto",0,0,5,0,6,6,0
"511","Baer Fritz",0,0,1,7,0,0,0
"512","Bareuther Herbert",0,0,9,8,12,15,1
"513","Barkhorn Gerhard",0,0,10,92,126,61,12
"514","Barte Walter",0,0,2,9,6,5,0
"515","Bartels Heinrich",0,0,2,3,24,26,0
"516","Baudach Heinz-Helmut",0,0,3,7,3,8,0
"517","Bauer Franz",0,0,5,0,0,5,0
"518","Baumann Helmut",0,0,3,5,5,3,0
"519","Baumgartner Wilhelm",0,0,1,16,5,0,0
"520","Beckh Friedrich",0,0,5,1,0,0,0
"521","Beckh Gerhard",0,0,1,4,5,2,0
"522","Beerenbrock Franz-Josef",0,0,51,62,0,0,0
"523","Beese Artur",0,0,2,4,13,3,0
"524","Behrendt Gunther",0,0,2,4,4,0,0
"525","Beisswenger Hans (Beisser)",0,0,32,65,33,0,0
"526","Belser Helmut",0,0,14,22,0,0,0
"527","Berrenbrock Franz",0,0,6,0,0,0,0
"528","Berres Heinz-Edgar",0,0,2,23,28,0,0
"529","Berschwinger Hans",0,0,2,5,1,5,0
"530","Biederbick Helmut",0,0,6,9,0,4,0
"531","Bierwirth Heinrich",0,0,1,7,0,0,0
"532","Bigge Josef",0,0,3,1,5,0,0
"533","Bitsch Emil",0,0,5,41,61,1,0
"534","Bleymuller Alexander",0,0,2,9,0,0,0
"535","Bohn Kurt",0,0,4,3,0,0,0
"536","Bonin Eckart-Wilhelm von",0,0,3,8,21,6,0
"537","Boos Hans",0,0,14,14,9,0,0
"538","Böwing-Treuding Wolfgang",0,0,11,28,7,0,0
"539","Brand Richard",0,0,1,4,18,0,0
"540","Brandis Felix-Maria",0,0,14,0,0,0,0
"541","Brandt Paul",0,0,1,7,15,2,0
"542","Brandt Walter",0,0,7,28,4,2,3
"543","Braunshirn Georg",0,0,13,0,0,0,0
"544","Brechtl Josef",0,0,2,21,2,0,0
"545","Bremer Peter",0,0,5,6,25,1,0
"546","Brendel Joachim",0,0,1,2,92,28,0
"547","Broennle Herbert",0,0,20,15,25,0,0
"548","Bulow Wolf von",0,0,1,5,0,0,0
"549","Busenkell Albert",0,0,3,0,2,2,0
"550","Bussmann Rolf",0,0,8,5,8,3,0
"551","Christof Ernst",0,0,3,2,4,0,0
"552","Clausen Hans",0,0,11,4,2,0,0
"553","Dahl Walther",0,0,17,26,14,29,18
"554","Dahne Paul-Heinrich",0,0,1,7,58,25,0
"555","Damoser Rudolf",0,0,4,5,0,0,0
"556","Dettke Alfried",0,0,3,34,4,0,0
"557","Dickfeld Adolf",0,0,6,36,2,0,0
"558","Dimter Wilhelm",0,0,6,0,0,0,0
"559","Dinger Fritz",0,0,12,41,14,0,0
"560","Dippel Hans-Georg",0,0,4,7,9,4,0
"561","Döbele Anton",0,0,3,3,88,0,0
"562","Dobnig Josef",0,0,2,7,0,0,0
"563","Dörr Franz",0,0,1,5,21,66,0
"564","Drewes Martin",0,0,2,0,8,49,0
"565","Durkop Otto",0,0,2,4,1,0,0
"566","Eckhardt Reinhold",0,0,10,0,0,0,0
"567","Eder Georg-Peter",0,0,11,1,20,51,4
"568","Eichel-Streiber Diethelm von",0,0,5,0,62,29,0
"569","Eicher Theo",0,0,4,2,0,0,0
"570","Eicher Theobald",0,0,4,2,0,0,0
"571","Engel Wilhelm",0,0,1,2,4,6,0
"572","Espenlaub Albert",0,0,14,0,0,0,0
"573","Falkensammer Egon",0,0,1,3,2,0,0
"574","Fassong Horst-Gunther von",0,0,1,2,47,18,0
"575","Fast Hans-Joachim",0,0,1,4,1,0,0
"576","Fellerer Leopold",0,0,2,9,6,20,0
"577","Fink Günther",0,0,2,31,13,0,0
"578","Fischer Kurt-Reinhard",0,0,1,5,18,0,0
"579","Frank Hans-Dieter",0,0,6,10,35,2,0
"580","Frank Rudolf",0,0,2,5,21,25,0
"581","Freuworth Wilhelm",0,0,1,37,4,0,0
"582","Friebel Herbert",0,0,9,22,5,2,0
"583","Frielinghaus Gustav",0,0,7,28,39,0,0
"584","Funk Waldemar",0,0,5,8,0,0,0
"585","Fuss Hans",0,0,25,46,0,0,0
"586","Galland Paul",0,0,3,14,0,0,0
"587","Galland Wilhelm-Ferdinand (Wutz)",0,0,3,18,34,0,0
"588","Geiger August",0,0,1,10,37,0,0
"589","Gerecke Rudolf",0,0,4,15,0,0,0
"590","Gerhardt Dieter",0,0,1,4,3,0,0
"591","Gerken Heinz",0,0,9,0,0,0,0
"592","Gerth Peter",0,0,11,0,0,0,0
"593","Geyer Horst",0,0,6,0,8,0,0
"594","Glockner Rudolf",0,0,1,0,0,27,0
"595","Glunz Adolph 'Addi'",0,0,8,15,35,22,1
"596","Graf Hermann",0,0,42,159,5,7,0
"597","Grassmuck Berthold",0,0,1,16,0,0,0
"598","Grimm Heinz",0,0,3,3,18,0,0
"599","Grimm Josef",0,0,4,2,0,0,0
"600","Grislawski Alfred",0,0,11,73,36,14,0
"601","Gromotka Fritz",0,0,7,3,9,11,0
"602","Grosse Egon",0,0,22,0,0,0,0
"603","Haase Horst",0,0,9,3,30,8,0
"604","Hackbarth Georg",0,0,5,5,0,0,0
"605","Hackler Heinrich",0,0,1,24,16,14,0
"606","Hadeball Heinz-Martin",0,0,5,3,17,6,0
"607","Hafner Anton",0,0,14,66,38,86,0
"608","Häfner Ludwig",0,0,2,50,0,0,0
"609","Halfmann Johann",0,0,2,10,2,0,0
"610","Hammel Kurt",0,0,2,0,3,4,0
"611","Hammerl Karl",0,0,3,17,4,0,0
"612","Hannak Gunther",0,0,4,38,2,0,0
"613","Hartmann Ludwig-Friedrich",0,0,2,14,2,0,0
"614","Hartwein Hans-Joachim",0,0,2,4,0,0,0
"615","Heesen Ernst",0,0,1,6,3,0,0
"616","Hegner Willi",0,0,7,0,0,0,0
"617","Heidel Alfred",0,0,3,7,0,0,0
"618","Heineke Hans-Joachim",0,0,1,12,0,0,0
"619","Hepe Jurgen",0,0,4,3,2,0,0
"620","Heyer Hans-Joachim",0,0,10,43,0,0,0
"621","Hillgruber Walther",0,0,7,1,0,0,0
"622","Hinkelmann Joachim",0,0,4,0,0,2,0
"623","Hoeckner Walter",0,0,3,1,23,4,0
"624","Höfemeier Heinrich",0,0,25,9,28,0,0
"625","Hoffmann Friedrich",0,0,9,2,0,0,0
"626","Hohler Walter",0,0,28,0,0,0,0
"627","Hohmeyer Herbert",0,0,1,1,9,0,0
"628","Hordt Helmut",0,0,7,1,0,0,0
"629","Jennewein Josef (Pep)",0,0,5,0,66,0,0
"630","Johannsen Hans",0,0,8,0,0,0,0
"631","Jung Erich",0,0,2,0,1,11,0
"632","Jung Heinrich",0,0,2,0,30,0,0
"633","Kaufhold Karl",0,0,6,0,0,0,0
"634","Keppler Gerhard",0,0,1,10,5,3,0
"635","Kirchmayr Rüdiger von",0,0,1,4,2,28,8
"636","Kirschner Joachim",0,0,1,88,134,0,0
"637","Kittel tto (Bruno)",0,0,12,18,106,122,1
"638","Klager Ernst",0,0,1,26,0,0,0
"639","Knacke Reinhold",0,0,13,66,5,0,0
"640","Knappe Kurt",0,0,9,35,3,0,0
"641","Knauth Johann",0,0,18,7,1,0,0
"642","Koall Gerhard (Knall)",0,0,8,10,14,5,0
"643","Kohler Armin",0,0,1,12,23,4,0
"644","Kohler Otto",0,0,1,0,0,5,0
"645","Kollak Reinhard",0,0,8,6,19,17,0
"646","Korner Friedrich",0,0,4,35,0,0,0
"647","Körner Friedrich",0,0,4,32,0,0,0
"648","Koster Alfons",0,0,22,11,0,7,0
"649","Krafft Heinz",0,0,15,0,0,0,0
"650","Kretschmer Wolfgang",0,0,2,6,4,1,0
"651","Kromer Alfred",0,0,4,13,5,0,0
"652","Kruger Horst-Benno",0,0,7,9,0,0,0
"653","Krupinski Walter (Graf Punski)",0,0,1,53,109,22,2
"654","Kuhdorf Karl",0,0,1,1,13,10,0
"655","Kulp Franz",0,0,6,0,0,0,0
"656","Langer Kark-Heinz",0,0,2,9,5,9,5
"657","Lasse Kurt",0,0,39,0,0,0,0
"658","Laube Ernst",0,0,3,1,6,6,0
"659","Laube Martin",0,0,1,0,8,0,0
"660","Launer Richard",0,0,1,1,5,0,0
"661","Lautenschlager Gerhard",0,0,7,23,0,0,0
"662","Leber Heinz",0,0,9,6,26,0,0
"663","Leibold Erwin",0,0,6,5,0,0,0
"664","Leiste Hermann",0,0,7,2,0,0,0
"665","Lemke Wilhelm",0,0,16,75,45,0,0
"666","Lindner Anton",0,0,12,5,43,0,0
"667","Lippe-Weissenfeldt Egmont Prinz zur",0,0,8,0,0,0,0
"668","Lohr Ernst-Heinz",0,0,1,1,32,4,0
"669","Loos Kurt",0,0,4,11,0,0,0
"670","Louis Joachim",0,0,1,23,0,0,0
"671","Luddecke Robert",0,0,4,0,2,2,0
"672","Luddeke Robert",0,0,3,0,2,8,0
"673","Ludwig Georg",0,0,1,28,5,9,0
"674","Lütje Herbert",0,0,3,13,16,9,8
"675","Maack Ernst",0,0,2,4,0,0,0
"676","Maltzahn Gunther Furher von",0,0,2,13,1,0,0
"677","Martin Max",0,0,7,0,0,1,0
"678","Marx Paul",0,0,1,3,1,1,0
"679","Maurer Ottmar",0,0,12,0,0,0,0
"680","Meister Ludwig",0,0,3,0,13,16,1
"681","Mietusch Kurt",0,0,2,0,5,2,0
"682","Mihlan Heinz",0,0,6,0,0,0,0
"683","Milius Walter",0,0,2,6,3,0,0
"684","Milowa Ivo von Lubich-Edler",0,0,1,0,1,10,0
"685","Mink Wilhelm",0,0,29,44,0,0,0
"686","Moller Hans",0,0,8,18,9,2,0
"687","Morzinek Willi",0,0,6,12,0,2,0
"688","Muller Gustl",0,0,5,14,2,0,0
"689","Müller Rudolf (Rudi)",0,0,8,130,11,0,0
"690","Munz Karl",0,0,2,0,16,29,4
"691","Naumann Hans",0,0,4,0,20,0,0
"692","Neumann Erdmann",0,0,1,0,5,0,0
"693","Ney Siegfried",0,0,11,0,0,0,0
"694","Niedereicholz Kurt",0,0,1,0,4,1,0
"695","Niederhofer Hans",0,0,8,0,4,0,0
"696","Niederreichholz Kurt",0,0,1,0,5,1,0
"697","Nielinger Rudolf",0,0,8,0,1,0,0
"698","Nordmann Gottfried",0,0,10,0,0,0,0
"699","Nowak Karl",0,0,7,0,0,0,0
"700","Nowotny Walter (Nowi)",0,0,10,12,196,3,0
"701","Omert Emil",0,0,39,34,10,6,0
"702","Paczia Erich",0,0,1,30,1,0,0
"703","Pahler Heinz",0,0,4,8,0,2,0
"704","Patzak Rudolf",0,0,1,14,7,1,0
"705","Pichler Johann",0,0,1,10,9,14,0
"706","Potthast Friedrich",0,0,2,0,1,7,0
"707","Proske Gerhard",0,0,2,18,5,0,0
"708","Puschmann Herbert (Puschi)",0,0,10,28,16,3,0
"709","Quack Wilhelm",0,0,14,3,0,0,0
"710","Quante Richard",0,0,4,26,0,0,0
"711","Radusch Günther (Fips)",0,0,1,10,30,23,0
"712","Raimann Gerhard",0,0,1,18,0,0,0
"713","Remmer Hans",0,0,8,7,4,8,0
"714","Resch Elmar",0,0,1,6,1,0,0
"715","Reuter Horst",0,0,9,12,0,0,0
"716","Ritschel Franz",0,0,1,0,3,2,0
"717","Roehrig Hans",0,0,3,55,17,0,0
"718","Roll Ludwig",0,0,8,0,0,0,0
"719","Rollwage Herbert",0,0,11,24,12,23,1
"720","Rose Helmut",0,0,1,9,0,0,0
"721","Rubell Gunter",0,0,8,0,0,0,0
"722","Rüffler Helmut",0,0,9,42,2,10,0
"723","Rupp Friedrich",0,0,4,46,2,0,0
"724","Sallwisch Erwin",0,0,6,0,0,0,0
"725","Sattig Carl",0,0,1,16,0,0,0
"726","Sawert Heinz",0,0,5,0,9,12,0
"727","Saynisch Walter",0,0,3,3,2,4,0
"728","Schack Günther",0,0,2,9,44,47,0
"729","Schauder Paul",0,0,9,2,3,8,0
"730","Scherfling Karl-Heinz",0,0,2,4,22,5,0
"731","Schick Walter",0,0,9,0,0,0,0
"732","Schiess Franz (Nawratil)",0,0,14,19,37,0,0
"733","Schlauch Otto",0,0,1,4,2,3,0
"734","Schleef Hans",0,0,23,26,48,4,0
"735","Schmid Johannes",0,0,42,0,0,0,0
"736","Schmidt Johannes",0,0,3,8,0,0,0
"737","Schmidt Ludwig",0,0,1,2,1,2,0
"738","Schnörrer Karl (Quax)",0,0,1,2,32,0,11
"739","Schoenert Rudolf",0,0,11,14,34,3,0
"740","Schofbeck Erich",0,0,1,13,0,0,0
"741","Schonfelder Helmut",0,0,2,8,0,19,0
"742","Schow Werner",0,0,1,11,0,0,0
"743","Schroer Werner",0,0,7,54,30,11,12
"744","Schulz Albert",0,0,2,6,2,3,0
"745","Schumacher Werner",0,0,1,32,0,0,0
"746","Schutze Hans-Georg",0,0,2,4,0,0,0
"747","Seidel Georg",0,0,8,19,5,0,0
"748","Seidl Alfred",0,0,1,11,8,5,0
"749","Semrau Paul",0,0,7,5,1,19,0
"750","Siegler Peter",0,0,11,33,0,0,0
"751","Sigmund Rudolf",0,0,1,6,21,0,0
"752","Simon Friedrich",0,0,1,2,5,5,0
"753","Sinner Rudolf",0,0,2,30,3,2,3
"754","Sochatzy Kurt",0,0,39,0,0,0,0
"755","Spanke Theo",0,0,6,5,0,0,0
"756","Stadeck Karl",0,0,1,4,4,0,0
"757","Stahlschmidt Hans-Arnold",0,0,6,53,0,0,0
"758","Stebner Theodor",0,0,5,0,1,0,0
"759","Steinbatz Leopold (Bazi)",0,0,3,30,0,0,0
"760","Steinhausen Günther",0,0,6,34,0,0,0
"761","Sternberg Horst",0,0,4,7,12,0,0
"762","Stockelmann Werner",0,0,6,0,0,0,0
"763","Stolte Paul",0,0,2,1,39,0,0
"764","Stolz Johannes",0,0,1,3,3,0,0
"765","Stratmann Willi",0,0,3,13,10,3,0
"766","Streit Hermann",0,0,1,2,4,0,0
"767","Strelow Hans",0,0,27,27,0,0,0
"768","Tangerding Hermann",0,0,6,3,0,0,0
"769","Tegtmeier Fritz",0,0,7,16,52,40,0
"770","Teumer Alfred (Fred)",0,0,1,8,1,23,0
"771","Thiel Edwin",0,0,2,8,22,7,0
"772","Thimmig Wolfgang",0,0,6,4,9,4,0
"773","Ubelbacher Richard",0,0,4,9,2,0,0
"774","Unzeitig Robert",0,0,9,1,0,0,0
"775","Vinzent Otto",0,0,5,1,37,2,0
"776","Vogt Gerhard",0,0,2,9,6,31,0
"777","Walther Horst",0,0,6,19,4,2,0
"778","Wassermann Erich",0,0,9,0,0,0,0
"779","Weber Karl-Heinz",0,0,12,10,88,26,0
"780","Wegmann Gunther",0,0,2,2,10,0,0
"781","Weismann Ernst",0,0,15,53,0,0,0
"782","Weiss Robert (Bazi)",0,0,1,2,76,42,0
"783","Wiese Johannes",0,0,1,40,65,7,0
"784","Wintergerst Eugen",0,0,20,0,2,0,0
"785","Wohlers Heinrich",0,0,2,5,21,1,0
"786","Woidich Franz",0,0,2,9,46,23,0
"787","Wunder Oskar",0,0,2,5,0,0,0
"788","Wunderlich Horst",0,0,1,10,0,0,0
"789","Zellot Walter",0,0,13,73,0,0,0
"790","Zick Siegfried",0,0,1,0,12,20,0
"791","Zielken Helmut",0,0,7,0,0,0,0
"792","Adam Hans",0,0,0,8,3,0,0
"793","Albrecht Egon",0,0,0,11,0,6,0
"794","Aloe Herbert",0,0,0,3,23,9,0
"795","Altner Herbert",0,0,0,1,4,16,0
"796","Augenstein Hans-Heinz",0,0,0,1,25,18,0
"797","Augustin Jacob",0,0,0,7,0,0,0
"798","Autenreith Hans",0,0,0,4,5,0,0
"799","Bachmann Friedrich-Wilhelm",0,0,0,8,0,0,0
"800","Badum Johann",0,0,0,53,1,0,0
"801","Bahnsen Jens",0,0,0,10,14,0,0
"802","Bahr Günther",0,0,0,1,9,10,16
"803","Barnickel Friedrich",0,0,0,2,7,0,0
"804","Baum Heinz",0,0,0,32,0,0,0
"805","Baumann Lothar",0,0,0,4,0,6,0
"806","Becker Karl",0,0,0,1,5,0,0
"807","Becker Paul",0,0,0,3,9,12,0
"808","Beckers Werner",0,0,0,4,10,0,0
"809","Beckmann Helmut",0,0,0,1,2,8,0
"810","Bergmann Gotz",0,0,0,7,12,5,0
"811","Bergmann Helmut",0,0,0,3,17,28,0
"812","Bertram Karl-Friedrich",0,0,0,11,0,0,0
"813","Beulich Erich",0,0,0,2,8,0,0
"814","Beutin Gerhard",0,0,0,25,35,0,0
"815","Beyer Heinz",0,0,0,8,9,0,0
"816","Biermann Herbert",0,0,0,4,4,0,0
"817","Bietmann Ludwig",0,0,0,7,0,0,0
"818","Bilfinger Fritz",0,0,0,11,1,6,0
"819","Blasy Gustav",0,0,0,6,1,0,0
"820","Blaut Heinrich",0,0,0,8,0,0,0
"821","Boker Burchard",0,0,0,15,0,0,0
"822","Bosin Heinrich",0,0,0,3,7,0,0
"823","Bottcher Herbert",0,0,0,16,0,0,0
"824","Brandes Heinz-Helmut",0,0,0,2,0,5,0
"825","Brandl Josef",0,0,0,3,4,0,0
"826","Brezina Frantisek",0,0,0,1,13,0,0
"827","Bringmann Arnold",0,0,0,5,20,0,0
"828","Brinkhaus Franz",0,0,0,1,1,15,0
"829","Brocke Jurgen",0,0,0,17,0,0,0
"830","Brucki Edmund",0,0,0,7,0,0,0
"831","Brutzer Arthur",0,0,0,8,0,0,0
"832","Budke Wilhelm",0,0,0,14,0,0,0
"833","Bugaj Karl",0,0,0,4,2,0,0
"834","Burda Johannes",0,0,0,5,1,0,0
"835","Burkhardt Ludwig-Wilhelm (Lutz)",0,0,0,53,4,12,0
"836","Buschmann Franz",0,0,0,1,5,3,0
"837","Buschmann Hubert",0,0,0,20,1,0,0
"838","Cetto Werner",0,0,0,7,3,0,0
"839","Crinius Wilhelm",0,0,0,107,7,0,0
"840","Crump Peter",0,0,0,3,23,10,2
"841","Dadd Klaus",0,0,0,5,9,0,0
"842","Dammers Hans",0,0,0,41,12,2,0
"843","Daspelgruber Franz",0,0,0,33,15,0,0
"844","Decker Franz",0,0,0,18,0,0,0
"845","Dehrmann Herbert",0,0,0,2,11,2,0
"846","Deicke Joachim",0,0,0,4,1,1,0
"847","Denzel Robert",0,0,0,1,9,0,0
"848","Deterra Paul-Rudolf",0,0,0,2,3,16,0
"849","Deuper Willi",0,0,0,5,1,0,0
"850","Diepgen Hans-Ulrich",0,0,0,11,0,0,0
"851","Diergardt Rolf",0,0,0,28,0,0,0
"852","Dilling Gustav",0,0,0,21,9,0,0
"853","Dittlmann Heinrich",0,0,0,3,44,11,0
"854","Dombacher Kurt",0,0,0,1,23,19,0
"855","Doring Werner",0,0,0,2,4,2,0
"856","Döring Arnold",0,0,0,3,1,3,2
"857","Dormann Wilhelm",0,0,0,2,12,0,0
"858","Dornbrack Werner",0,0,0,3,0,3,0
"859","Dorre Edgar",0,0,0,6,11,0,0
"860","Ebener Kurt",0,0,0,37,15,5,0
"861","Eberle Karl",0,0,0,2,5,0,0
"862","Edelmann Fritz",0,0,0,2,4,0,0
"863","Eder Bruno",0,0,0,1,5,0,0
"864","Eikmeier Bruno",0,0,0,2,4,0,0
"865","Eisele Rudolf",0,0,0,6,3,0,0
"866","Eisenach Franz",0,0,0,4,44,68,12
"867","Ellendt Hans",0,0,0,5,51,0,0
"868","Engfer Siegfried",0,0,0,53,5,0,0
"869","Englisch Iring",0,0,0,7,3,2,0
"870","Epphardt Herbert",0,0,0,1,4,2,0
"871","Erlenkamper Friedrich",0,0,0,12,2,0,0
"872","Ermisch Heinz",0,0,0,11,9,0,0
"873","Ernst Wolfgang",0,0,0,4,16,6,0
"874","Esser Wilhelm",0,0,0,1,4,3,0
"875","Ettel Wolf",0,0,0,33,91,0,0
"876","Eyrich Waldemar",0,0,0,8,27,1,0
"877","Ferger Heinz",0,0,0,1,4,14,0
"878","Feyerlein Hans",0,0,0,4,18,1,0
"879","Fieber Johann",0,0,0,10,9,0,0
"880","Fink Raoul",0,0,0,4,3,0,0
"881","Finkler Paul",0,0,0,8,12,0,0
"882","Fischer-Botow Rudolf",0,0,0,7,0,0,0
"883","Fitschen Wilhelm",0,0,0,13,0,0,0
"884","Fladrich Kurt",0,0,0,1,7,6,0
"885","Flecks Reinhard",0,0,0,3,7,6,0
"886","Flecks Reinhold",0,0,0,2,7,11,0
"887","Flindt Rudolf",0,0,0,1,5,0,0
"888","Focke Wulf",0,0,0,2,3,6,0
"889","Fonnekold Otto",0,0,0,7,84,42,0
"890","Forbrig Horst",0,0,0,4,51,1,0
"891","Forg Rasso",0,0,0,6,13,2,0
"892","Forster Gerhard",0,0,0,4,23,1,0
"893","Forster Richard",0,0,0,9,5,5,0
"894","Franke Herbert",0,0,0,10,1,0,0
"895","Frankenberger Heinrich",0,0,0,3,7,0,0
"896","Frese Hans",0,0,0,10,33,0,0
"897","Friedrich Gerhard (Gerd)",0,0,0,5,4,11,13
"898","Friese Helmut",0,0,0,2,7,0,0
"899","Fuchs Heinz",0,0,0,1,7,6,0
"900","Fullgrabe Heinrich",0,0,0,28,1,1,0
"901","Funcke Hans",0,0,0,6,9,0,0
"902","Furch Ralph",0,0,0,18,4,0,0
"903","Gammel Fritz",0,0,0,19,0,0,0
"904","Gantz Benno",0,0,0,13,0,0,0
"905","Gehrels Fritz",0,0,0,2,3,2,0
"906","Gendelmeyer Wolfgang",0,0,0,10,0,0,0
"907","Germeroth Rudolf",0,0,0,4,2,0,0
"908","Gerthofer Jan",0,0,0,1,23,0,0
"909","Giese Willy",0,0,0,25,0,0,0
"910","Gilhaus Franz",0,0,0,12,0,0,0
"911","Gleissner Hans",0,0,0,9,16,0,0
"912","Godert Helmut",0,0,0,5,4,4,0
"913","Goetze Kurt",0,0,0,1,6,0,0
"914","Golinski Heinz (Figaro)",0,0,0,45,2,0,0
"915","Gollasch Erich",0,0,0,4,3,0,0
"916","Gomann Heinz",0,0,0,1,9,3,0
"917","Gosemann Heinz",0,0,0,11,2,6,0
"918","Gotze Gunther",0,0,0,7,2,0,0
"919","Graf Heinrich",0,0,0,33,0,0,0
"920","Gransow Burkhard",0,0,0,13,0,0,0
"921","Gratz Karl",0,0,0,30,6,26,0
"922","Gref Hans",0,0,0,1,14,0,0
"923","Greiner Georg-Hermann",0,0,0,2,11,29,9
"924","Groiss Leopold",0,0,0,1,6,0,0
"925","Grollmuss Helmut",0,0,0,3,38,21,0
"926","Gruber Otto",0,0,0,28,0,0,0
"927","Grünberg Hans ""Specker""",0,0,0,11,52,14,5
"928","Grunlinger Walter",0,0,0,7,8,0,0
"929","Gumprecht Herbert",0,0,0,7,8,0,0
"930","Haberda Helmut",0,0,0,16,42,0,0
"931","Haesler Alfred",0,0,0,2,4,0,0
"932","Hagedorn Franz",0,0,0,25,0,0,0
"933","Hagenah Walter",0,0,0,6,1,9,1
"934","Hammer Alfred",0,0,0,1,8,10,7
"935","Haninger Rudolf",0,0,0,2,6,4,0
"936","Hannig Horst",0,0,0,38,8,0,0
"937","Hansel Helmut",0,0,0,6,0,0,0
"938","Hanstein Helmut",0,0,0,2,7,0,0
"939","Harder Jurgen",0,0,0,28,8,27,0
"940","Hartmann Erich",0,0,0,1,158,173,21
"941","Hartmann Fritz",0,0,0,2,0,4,0
"942","Hauswirth Wilhelm",0,0,0,10,40,0,0
"943","Heck Walter",0,0,0,18,7,0,0
"944","Heeg Friedrich",0,0,0,29,0,0,0
"945","Heitkamp Walter",0,0,0,13,0,0,0
"946","Hellfritzsch Fritz-Hermann",0,0,0,11,0,0,0
"947","Helmer Robert",0,0,0,13,3,0,0
"948","Heuer Georg",0,0,0,4,2,0,0
"949","Hissbach Heinz-Horst",0,0,0,5,0,26,0
"950","Hoffmann Gerhard",0,0,0,3,50,84,0
"951","Hoffmann Reinhold",0,0,0,2,56,9,0
"952","Hofmann Wilhelm",0,0,0,1,2,37,4
"953","Hofrath Kurt",0,0,0,24,0,0,0
"954","Hohenberg Werner",0,0,0,11,16,0,0
"955","Holler Kurt",0,0,0,9,6,0,0
"956","Holtz Helmut",0,0,0,1,32,23,0
"957","Hoppe Heinz",0,0,0,1,13,0,0
"958","Hoppe Helmut",0,0,0,2,16,0,0
"959","Hrdlicka Franz",0,0,0,5,14,7,0
"960","Hubner Eckhardt",0,0,0,16,0,0,0
"961","Hubner Gerhard",0,0,0,7,0,0,0
"962","Hueck Karl",0,0,0,16,2,0,0
"963","Humann Alfred",0,0,0,4,4,0,0
"964","Humer Alfred",0,0,0,15,1,1,0
"965","Husemann Werner",0,0,0,1,13,15,0
"966","Hutter Georg",0,0,0,1,8,1,0
"967","Kemethmuller Heinz",0,0,0,36,18,36,0
"968","Kettner Berthold",0,0,0,6,13,0,0
"969","Kickert Ralf",0,0,0,20,0,0,0
"970","Kientsch Wilhelm (Willy)",0,0,0,32,34,3,0
"971","Kierstein Paul",0,0,0,12,0,0,0
"972","Kirchner Gunter",0,0,0,6,6,0,0
"973","Kirchner Gunther",0,0,0,10,0,0,0
"974","Kirchner Joachim",0,0,0,6,1,2,0
"975","Kischnick Helmut",0,0,0,2,5,6,0
"976","Kittler Herbert",0,0,0,18,2,0,0
"977","Kiworra Hermann",0,0,0,34,0,0,0
"978","Klante Helmut",0,0,0,10,8,0,0
"979","Kleinert Heinz",0,0,0,6,0,0,0
"980","Kleinert Otto",0,0,0,2,3,1,0
"981","Klemm Rudolf",0,0,0,32,11,15,1
"982","Klipgen Rolf",0,0,0,6,0,0,0
"983","Kloss Werner",0,0,0,4,12,0,0
"984","Klotzer Hartmut",0,0,0,8,0,0,0
"985","Knies Alfred",0,0,0,5,1,0,0
"986","Knoke Heinz",0,0,0,2,19,13,0
"987","Koberich Gunther",0,0,0,2,4,2,0
"988","Koch Hans-Gunther",0,0,0,4,9,0,0
"989","Kohler Arnim",0,0,0,12,2,12,0
"990","Köhne Walter",0,0,0,2,7,11,1
"991","Kolb Karl",0,0,0,3,3,0,0
"992","Kolodzie Erich",0,0,0,4,4,5,0
"993","Kolschek Max",0,0,0,2,4,0,0
"994","König Friz",0,0,0,2,1,3,0
"995","Koppen Gerhard",0,0,0,17,0,0,0
"996","Korts Berthold",0,0,0,21,84,0,0
"997","Krainik Erich",0,0,0,13,0,0,0
"998","Krais Uwe",0,0,0,13,3,0,0
"999","Krause Gerhard",0,0,0,12,0,0,0
"1000","Krause Hans",0,0,0,5,1,11,0
"1001","Kray Ferdinand",0,0,0,2,13,9,0
"1002","Kriegel Gerhard",0,0,0,5,13,8,0
"1003","Kroschinski Hans-Joachim",0,0,0,4,36,5,0
"1004","Kruger Alfred",0,0,0,13,5,0,0
"1005","Krutzke Gunther",0,0,0,8,0,0,0
"1006","Kuhlein Elias",0,0,0,15,3,2,0
"1007","Kuhnel Hans",0,0,0,1,6,0,0
"1008","Kuken Wilhelm",0,0,0,8,39,5,0
"1009","Kunz Franz",0,0,0,1,1,5,0
"1010","Kunz Josef",0,0,0,3,3,7,0
"1011","Kuthe Wolfgang",0,0,0,3,10,0,0
"1012","Langer Hans",0,0,0,4,8,0,0
"1013","Laskowski Erwin",0,0,0,3,1,10,0
"1014","Lechner Alois",0,0,0,10,30,2,0
"1015","Leicher Otto",0,0,0,18,0,0,0
"1016","Leicht Hermann",0,0,0,5,1,0,0
"1017","Leuschel Rudolf",0,0,0,1,7,1,0
"1018","Loffler Hans",0,0,0,2,0,5,0
"1019","Lohberg Ernst",0,0,0,8,19,0,0
"1020","Lorentzen Friedrich",0,0,0,21,0,0,0
"1021","Lucas Werner",0,0,0,35,40,0,0
"1022","Lücke Hermann (Anatol)",0,0,0,5,73,0,0
"1023","Lüddecke Fritz (Paul)",0,0,0,1,17,33,0
"1024","Luer Friedrich",0,0,0,3,9,0,0
"1025","Luneburg Artur",0,0,0,1,12,4,0
"1026","Macher Helmut",0,0,0,19,0,0,0
"1027","Mack August",0,0,0,3,9,0,0
"1028","Mackens Walter",0,0,0,2,6,0,0
"1029","Maeder Friedrich",0,0,0,1,7,0,0
"1030","Mai Lothar",0,0,0,1,45,0,0
"1031","Maisch Karl",0,0,0,2,6,3,0
"1032","Malsch Franz",0,0,0,3,1,6,0
"1033","Marotzke Horst",0,0,0,18,0,0,0
"1034","Matern Karl-Heinrich",0,0,0,6,1,0,0
"1035","Miethig Rudolf",0,0,0,26,49,0,0
"1036","Miksch Alfred",0,0,0,64,13,0,0
"1037","Mildner Wilhelm",0,0,0,2,10,0,0
"1038","Monska Otto",0,0,0,10,2,2,0
"1039","Moritz Wilhelm",0,0,0,2,1,11,0
"1040","Morr Hans",0,0,0,2,8,0,0
"1041","Mors August",0,0,0,2,2,25,0
"1042","Moycis Rudolf",0,0,0,4,2,7,0
"1043","Mrotzeck Fritz",0,0,0,38,0,0,0
"1044","Muller Erwin",0,0,0,14,11,5,0
"1045","Muller Fritz R.G.",0,0,0,30,16,15,0
"1046","Muller Hans",0,0,0,4,1,9,0
"1047","Muller Hans-Volkmar",0,0,0,12,0,0,0
"1048","Muller Hermann",0,0,0,28,10,2,0
"1049","Muller Xaver",0,0,0,8,31,0,0
"1050","Obst Heinz",0,0,0,6,0,0,0
"1051","Olbrecht Heinz",0,0,0,4,2,0,0
"1052","Oloff Heinz",0,0,0,4,4,3,0
"1053","Olsen Kurt",0,0,0,6,28,13,0
"1054","Opalke Horst",0,0,0,12,0,0,0
"1055","Opitz Kurt",0,0,0,4,3,1,0
"1056","Oswald Hans",0,0,0,18,0,0,0
"1057","Paashaus Karl",0,0,0,2,6,14,0
"1058","Palm Albert",0,0,0,18,1,2,0
"1059","Passier Henny",0,0,0,8,1,0,0
"1060","Patuschka Horst",0,0,0,38,3,0,0
"1061","Peissert Helmut",0,0,0,62,0,0,0
"1062","Peltz Werner",0,0,0,14,2,0,0
"1063","Perl Gustav",0,0,0,34,0,0,0
"1064","Peterburs Hans",0,0,0,6,0,0,0
"1065","Petermann Viktor",0,0,0,18,51,0,4
"1066","Pfeifer Albert",0,0,0,4,4,0,0
"1067","Pfeiffer Heinz",0,0,0,6,0,0,0
"1068","Pfutzer Nikolaus",0,0,0,6,0,0,0
"1069","Philipp Rudolf",0,0,0,1,3,6,0
"1070","Piffer Anton-Rudolf (Toni)",0,0,0,1,16,18,0
"1071","Pissarski Georg",0,0,0,5,5,0,0
"1072","Pohl Ottkar",0,0,0,14,0,0,0
"1073","Pohl Otto",0,0,0,14,2,0,0
"1074","Pottgen Rainer",0,0,0,4,11,2,0
"1075","Potzel Arno",0,0,0,14,3,2,0
"1076","Preinfalk Alexander",0,0,0,46,13,3,0
"1077","Priess Walter",0,0,0,10,4,0,0
"1078","Quaritsch Karl-Heinz",0,0,0,11,0,0,0
"1079","Quast Werner 'Quax'",0,0,0,5,81,0,0
"1080","Rabiega Josef",0,0,0,3,16,0,0
"1081","Rademacher Rudolf",0,0,0,15,7,6,16
"1082","Raht Gerhard",0,0,0,1,16,26,0
"1083","Rammelt Karl",0,0,0,24,11,13,1
"1084","Rapp Werner",0,0,0,1,8,1,0
"1085","Rathenow Johannes",0,0,0,1,6,0,0
"1086","Ratzlaff Kurt",0,0,0,9,0,0,0
"1087","Rauchfuss Herbert",0,0,0,5,5,0,0
"1088","Rauh Hubert",0,0,0,4,5,12,0
"1089","Rauhaus Rudolf",0,0,0,1,4,2,0
"1090","Reich Gunter",0,0,0,11,0,0,0
"1091","Reicke Hans-Wilhelm",0,0,0,3,3,0,0
"1092","Reiff Hans",0,0,0,36,20,0,0
"1093","Reinert Ernst-Wilhelm",0,0,0,36,64,6,0
"1094","Reinhardt Hans-Gunther",0,0,0,8,35,0,0
"1095","Renzow Hans-Werner",0,0,0,2,4,9,0
"1096","Resch Rudolf",0,0,0,30,28,0,0
"1097","Riha Alfred",0,0,0,8,0,0,0
"1098","Roebbers Rudolf",0,0,0,1,5,0,0
"1099","Roisch Kurt",0,0,0,20,0,0,0
"1100","Rökker Heinz",0,0,0,5,4,37,19
"1101","Romm Oskar",0,0,0,1,66,16,6
"1102","Rosenberg Heinrich",0,0,0,10,0,0,0
"1103","Rossner Hans",0,0,0,8,0,23,0
"1104","Rost Wolfgang",0,0,0,1,4,1,0
"1105","Rubell Gunther",0,0,0,32,7,0,0
"1106","Russ Otto",0,0,0,5,13,13,0
"1107","Sandweg Kurt",0,0,0,5,11,4,0
"1108","Sayn-Wittgenstein Heinrich zu",0,0,0,23,42,0,0
"1109","Schaedle Gerd",0,0,0,3,6,0,0
"1110","Schamberger Martin",0,0,0,4,10,0,0
"1111","Schanz Georg",0,0,0,1,4,5,0
"1112","Scharl Alfred",0,0,0,1,10,0,0
"1113","Schauble Karl",0,0,0,27,2,0,0
"1114","Scheib Wilhelm",0,0,0,12,0,0,0
"1115","Schellwat Fritz",0,0,0,8,8,1,0
"1116","Scheyda Erich",0,0,0,2,13,5,0
"1117","Schiehs Franz",0,0,0,18,43,0,0
"1118","Schild Heinrich",0,0,0,3,5,4,0
"1119","Schlegel Rolf",0,0,0,2,4,0,0
"1120","Schleinhege Hermann",0,0,0,1,27,11,0
"1121","Schlick Horst",0,0,0,15,22,2,0
"1122","Schluter Harro",0,0,0,28,0,8,0
"1123","Schmidt Hans",0,0,0,1,5,1,0
"1124","Schmitt Otto",0,0,0,3,4,0,0
"1125","Schmitz Gunther",0,0,0,7,4,15,0
"1126","Schnaufer Heinz-Wolfgang",0,0,0,7,35,64,15
"1127","Schneider Bernd",0,0,0,14,8,0,0
"1128","Schneider Bernhard",0,0,0,14,1,0,0
"1129","Schneider Hans-Werner",0,0,0,15,8,0,0
"1130","Schofbock Erich",0,0,0,11,0,0,0
"1131","Scholze Heinz",0,0,0,1,9,0,0
"1132","Schopper Erich",0,0,0,8,0,0,0
"1133","Schuck Walter",0,0,0,12,42,90,0
"1134","Schulte Franz",0,0,0,12,0,0,0
"1135","Schulz Bruno",0,0,0,3,2,6,0
"1136","Schulze Alfred",0,0,0,11,0,0,0
"1137","Schumacher Karl",0,0,0,14,16,0,0
"1138","Schutte Josef",0,0,0,12,14,0,0
"1139","Schwaiger Franz",0,0,0,47,2,1,0
"1140","Schwaneberg Siegfried",0,0,0,9,1,0,0
"1141","Schwarz Erich",0,0,0,1,4,4,0
"1142","Schwarz Gunter",0,0,0,1,29,0,0
"1143","Schwientek Georg",0,0,0,8,20,0,0
"1144","Seckel Georg",0,0,0,6,5,3,0
"1145","Seiz Walter",0,0,0,5,0,6,0
"1146","Semelka Waldemar",0,0,0,9,0,0,0
"1147","Setzepfandt Gunther",0,0,0,8,0,0,0
"1148","Sieg Heinz",0,0,0,12,2,0,0
"1149","Simon Erich",0,0,0,8,0,0,0
"1150","Simsch Siegfried",0,0,0,11,0,2,0
"1151","Sommer Adalbert",0,0,0,23,6,3,0
"1152","Sommer Gerhard",0,0,0,1,16,3,0
"1153","Spate Wolfgang",0,0,0,4,0,12,0
"1154","Spenner Manfred",0,0,0,6,3,12,0
"1155","Spies Walter",0,0,0,8,1,0,0
"1156","Spott Johann",0,0,0,16,0,0,0
"1157","Spreckels Robert",0,0,0,1,1,4,0
"1158","Spreitzer Karl",0,0,0,2,7,0,0
"1159","Stahl Hermann",0,0,0,2,2,2,0
"1160","Stammberger Otto 'Stotto'",0,0,0,4,6,0,0
"1161","Steddin Werner",0,0,0,6,0,0,0
"1162","Steinbach Richard",0,0,0,4,4,0,0
"1163","Steindl Paul",0,0,0,3,5,0,0
"1164","Steinicke Karl-Heinz",0,0,0,5,8,0,0
"1165","Steinmuller Friedrich",0,0,0,4,8,2,0
"1166","Steis Heinrich",0,0,0,13,9,0,0
"1167","Stellfeld Robert",0,0,0,2,4,0,0
"1168","Stern Artur",0,0,0,11,0,0,0
"1169","Sterr Heinrich",0,0,0,12,70,24,0
"1170","Stigler Franz",0,0,0,17,4,5,0
"1171","Stober Kurt",0,0,0,28,9,0,0
"1172","Stockmann Gerhard",0,0,0,13,1,0,0
"1173","Stower Heinz",0,0,0,1,5,24,0
"1174","Strasen Gerhard",0,0,0,2,6,0,0
"1175","Strassl Hubert",0,0,0,13,54,0,0
"1176","Stuckler Alfred",0,0,0,6,9,4,0
"1177","Sturm Gustav",0,0,0,1,3,15,5
"1178","Sturm Heinrich",0,0,0,6,73,24,0
"1179","Suschko Leo",0,0,0,8,0,0,0
"1180","Suss Ernst",0,0,0,20,6,0,0
"1181","Szameitat Paul",0,0,0,5,23,0,0
"1182","Tanzer Kurt",0,0,0,1,12,1,0
"1183","Tartsch Hans-Ulrich",0,0,0,1,2,3,0
"1184","Tautscher Gabriel",0,0,0,2,54,2,0
"1185","Telge Wilhelm",0,0,0,1,13,0,0
"1186","Tham Gustav",0,0,0,2,4,4,0
"1187","Thomann Hans",0,0,0,1,7,0,0
"1188","Thomas Erich",0,0,0,10,0,4,0
"1189","Titze Joachim",0,0,0,7,18,0,0
"1190","Toll Gunter",0,0,0,8,0,0,0
"1191","Toll Gunther",0,0,0,8,31,0,0
"1192","Torfer Josef",0,0,0,2,3,2,0
"1193","Trenkel Rudolf",0,0,0,35,63,40,1
"1194","Trepte Rudolf",0,0,0,5,2,0,0
"1195","Vechtel Bernhard",0,0,0,6,45,34,0
"1196","Venth Heinz",0,0,0,1,9,6,0
"1197","Vinke Heinz",0,0,0,8,30,20,0
"1198","Vogel Michael",0,0,0,7,0,0,0
"1199","Vogel Wolfgang",0,0,0,14,0,0,0
"1200","Volke Maximilian",0,0,0,16,13,0,0
"1201","Vollkopf Karl-Heinz",0,0,0,1,6,0,0
"1202","Wachowiak Friedrich",0,0,0,22,0,1,0
"1203","Wagner Rudolf",0,0,0,1,79,0,0
"1204","Waldmann Hans",0,0,0,19,63,46,0
"1205","Wallys Alfred",0,0,0,1,5,0,0
"1206","Walter Albert",0,0,0,11,20,5,0
"1207","Walz Albrecht",0,0,0,22,6,0,0
"1208","Wefers Heinrich",0,0,0,21,9,0,0
"1209","Weidlich Bruno",0,0,0,20,10,0,0
"1210","Weise Reinhard",0,0,0,6,0,0,0
"1211","Wennekers Hans-Gerd",0,0,0,1,11,5,0
"1212","Werner Lothar",0,0,0,2,6,0,0
"1213","Wernitz Ulrich",0,0,0,1,18,59,0
"1214","Werth Johann",0,0,0,3,0,9,0
"1215","Wick Karl",0,0,0,2,0,5,0
"1216","Wickop Dietrich",0,0,0,1,14,0,0
"1217","Widowitz Wulf-Dietrich",0,0,0,1,19,0,0
"1218","Wilkau Karl von Lieres u.",0,0,0,26,7,0,0
"1219","Willmanns Gerhard",0,0,0,1,7,0,0
"1220","Winkler Ernst",0,0,0,3,4,0,0
"1221","Winkler Max",0,0,0,3,4,13,0
"1222","Wirth Otto",0,0,0,7,4,0,0
"1223","Wöhnert Ulrich (Seppi)",0,0,0,3,42,39,0
"1224","Wohrle Heinrich",0,0,0,9,0,0,0
"1225","Wolf Albin",0,0,0,7,113,21,0
"1226","Wolf Hermann",0,0,0,29,21,6,1
"1227","Wolff Lothar",0,0,0,1,10,0,0
"1228","Wolter Robert",0,0,0,15,1,1,0
"1229","Wulfers Hans",0,0,0,2,6,0,0
"1230","Wunsch Karl",0,0,0,2,11,36,0
"1231","Wunschelmeyer Karl",0,0,0,13,2,1,0
"1232","Wurfel Otto",0,0,0,6,46,26,0
"1233","Zander Fritz",0,0,0,3,9,14,0
"1234","Zibler Emil",0,0,0,17,18,0,0
"1235","Zimmer Herbert",0,0,0,8,13,0,0
"1236","Zimmermann Oskar",0,0,0,1,5,22,0
"1237","Zink Fulbert",0,0,0,27,7,0,0
"1238","Zirngibl Josef",0,0,0,1,5,4,0
"1239","Ahlbrand Gustav",0,0,0,0,10,0,0
"1240","Aldecoea (Aldecoa) Vicente",0,0,0,0,6,0,0
"1241","Altnorthoff Ernst-Georg",0,0,0,0,4,5,0
"1242","Amend Hermann",0,0,0,0,4,5,0
"1243","Amon Georg",0,0,0,0,6,2,0
"1244","Andresen Lorenz",0,0,0,0,1,5,0
"1245","Avdic Zdenko",0,0,0,0,8,0,0
"1246","Baake Werner",0,0,0,0,23,12,0
"1247","Bachnick Herbert",0,0,0,0,47,32,0
"1248","Baer Hans",0,0,0,0,7,0,0
"1249","Bar Heinrich",0,0,0,0,7,0,0
"1250","Barann Leo-Lothar",0,0,0,0,2,6,0
"1251","Bärsdorf Gerhard-Alfred",0,0,0,0,4,7,0
"1252","Bartosch Hieronymus",0,0,0,0,12,2,0
"1253","Bartsch Eduard",0,0,0,0,8,0,0
"1254","Baten Kurt",0,0,0,0,17,5,0
"1255","Batz Wilhelm (Willi)",0,0,0,0,78,152,10
"1256","Bauer Konrad (Pitt)",0,0,0,0,11,26,0
"1257","Bauhuber Helmut",0,0,0,0,10,3,0
"1258","Beck Albin",0,0,0,0,6,0,0
"1259","Becker Martin (Tino)",0,0,0,0,6,37,15
"1260","Beissel Egon Graf von",0,0,0,0,7,0,0
"1261","Bellstedt Albrecht",0,0,0,0,11,1,0
"1262","Benning Anton",0,0,0,0,3,9,0
"1263","Berger Friedrich",0,0,0,0,1,6,0
"1264","Berger Hans",0,0,0,0,2,5,0
"1265","Berger Horst",0,0,0,0,13,11,0
"1266","Berndt Paul",0,0,0,0,2,4,0
"1267","Bernhardt Max",0,0,0,0,15,0,0
"1268","Beth Arthur",0,0,0,0,11,0,0
"1269","Biesmann Werner",0,0,0,0,6,0,0
"1270","Birkenstock Hansjorg",0,0,0,0,4,3,0
"1271","Birkner Hans-Joachim",0,0,0,0,24,93,0
"1272","Birnstill Franz",0,0,0,0,10,1,0
"1273","Bleckmann Günther",0,0,0,0,10,23,0
"1274","Bley Paul",0,0,0,0,5,5,0
"1275","Bleyer Paul",0,0,0,0,6,3,0
"1276","Bohatsch Walter",0,0,0,0,9,1,0
"1277","Bolte Karl",0,0,0,0,2,6,0
"1278","Bonow Kurt",0,0,0,0,5,6,0
"1279","Bottner Karl-Heinz",0,0,0,0,14,45,0
"1280","Bozik Rudolf",0,0,0,0,8,0,0
"1281","Brake Paul",0,0,0,0,11,0,0
"1282","Braun Gottlieb",0,0,0,0,10,0,0
"1283","Bretschneider Klaus",0,0,0,0,7,28,0
"1284","Breukel Wendelin",0,0,0,0,2,17,0
"1285","Brill Karl",0,0,0,0,23,9,0
"1286","Brinkmann Fritz",0,0,0,0,2,8,0
"1287","Brock Friedrich",0,0,0,0,3,3,0
"1288","Brock Horst",0,0,0,0,17,0,0
"1289","Bronner Hugo",0,0,0,0,11,0,0
"1290","Brucher Heinrich",0,0,0,0,9,0,0
"1291","Brunner Josef",0,0,0,0,5,1,0
"1292","Bubel Eduard",0,0,0,0,2,9,0
"1293","Buchholz Max",0,0,0,0,2,4,0
"1294","Bungert Erich",0,0,0,0,3,7,0
"1295","Bunzek Johannes",0,0,0,0,77,0,0
"1296","Burath Eberhard",0,0,0,0,2,4,1
"1297","Burchheit Ludwig",0,0,0,0,1,9,0
"1298","Burger Horst",0,0,0,0,12,0,0
"1299","Busse Heinz",0,0,0,0,7,14,0
"1300","Bussert Joachim",0,0,0,0,1,8,0
"1301","Buttner Erich",0,0,0,0,8,1,0
"1302","Buttner Herbert",0,0,0,0,1,6,0
"1303","Cech Franz",0,0,0,0,34,0,0
"1304","Christoph Kurt",0,0,0,0,11,0,0
"1305","Cordes Karl-Heinz",0,0,0,0,28,4,0
"1306","Cuadra Mariano",0,0,0,0,10,0,0
"1307","Culemann Hans-Gunnar",0,0,0,0,3,12,0
"1308","Cyprich Frantisek",0,0,0,0,11,0,0
"1309","Dahms Helmut",0,0,0,0,6,9,0
"1310","Dassow Rudi",0,0,0,0,2,7,0
"1311","Demuth Karl-Emil",0,0,0,0,3,10,0
"1312","Dienst Werner",0,0,0,0,4,2,0
"1313","Diepen Hans-Bodo",0,0,0,0,9,0,0
"1314","Dietrich Klaus",0,0,0,0,15,1,0
"1315","Dietsche Karl-Heinz",0,0,0,0,2,4,0
"1316","Dohse Hartwig",0,0,0,0,24,0,0
"1317","Dommeratzky Otto",0,0,0,0,5,5,0
"1318","Doppler Alwin",0,0,0,0,8,19,0
"1319","Drecker Heinz",0,0,0,0,14,2,0
"1320","Dreesmann Rudolf",0,0,0,0,10,15,0
"1321","Drunkler Ernst",0,0,0,0,4,19,0
"1322","Drunkler Ernst-Georg",0,0,0,0,5,20,0
"1323","Duding Rudi",0,0,0,0,2,8,0
"1324","Dukovac Mato",0,0,0,0,17,4,0
"1325","Duttmann Peter",0,0,0,0,25,65,0
"1326","Eberhardt Paul",0,0,0,0,11,0,0
"1327","Eberwein Manfred",0,0,0,0,9,21,0
"1328","Ehrhardt Peter",0,0,0,0,7,14,0
"1329","Eichhorn Gunter",0,0,0,0,7,0,0
"1330","Emler Kurt",0,0,0,0,16,0,0
"1331","Engelbrecht Hans",0,0,0,0,2,6,0
"1332","Engleder Rudolf",0,0,0,0,20,1,0
"1333","Engst Hubert",0,0,0,0,1,8,0
"1334","Ertmann Horst",0,0,0,0,6,0,0
"1335","Ewald Heinz",0,0,0,0,8,20,0
"1336","Farber Leonhard",0,0,0,0,1,11,0
"1337","Farnholz Wilhelm Flegel von",0,0,0,0,6,0,0
"1338","Fest Wilhelm",0,0,0,0,4,6,0
"1339","Findeisen Herbert",0,0,0,0,25,5,0
"1340","Finster Lenz",0,0,0,0,8,0,0
"1341","Fischer Alfred",0,0,0,0,12,0,0
"1342","Fischer Kurt",0,0,0,0,9,0,0
"1343","Florian Otto",0,0,0,0,2,10,0
"1344","Flugge Karl-Heinz",0,0,0,0,5,6,0
"1345","Forster Paul",0,0,0,0,4,4,0
"1346","Franke Moritz",0,0,0,0,7,0,0
"1347","Franz Gunter",0,0,0,0,4,2,0
"1348","Franzel Herbert",0,0,0,0,10,0,0
"1349","Fries Otto",0,0,0,0,5,8,0
"1350","Fritz Hans",0,0,0,0,1,12,0
"1351","Fuetscher Hugo",0,0,0,0,2,4,0
"1352","Fureder Georg",0,0,0,0,5,30,0
"1353","Gabl Josef",0,0,0,0,9,13,0
"1354","Gaedicke Alfred",0,0,0,0,6,0,0
"1355","Gail Andreas",0,0,0,0,9,0,0
"1356","Gaiser Otto",0,0,0,0,61,5,0
"1357","Gaissmayer Anton",0,0,0,0,2,5,0
"1358","Gavilan Juan Ramon",0,0,0,0,9,0,0
"1359","Gayko Werner",0,0,0,0,1,7,0
"1360","Gazapi Dragutin",0,0,0,0,6,0,0
"1361","Geisen Walter",0,0,0,0,7,0,0
"1362","Geiser Otto",0,0,0,0,61,5,0
"1363","Geric Alexander",0,0,0,0,9,0,0
"1364","Gerstmayer Lorenz",0,0,0,0,2,13,0
"1365","Gerstmayr Lorenz",0,0,0,0,2,12,0
"1366","Gerth Werner",0,0,0,0,1,27,0
"1367","Geyer Nobert",0,0,0,0,9,1,0
"1368","Glaser Martin",0,0,0,0,10,0,0
"1369","Glitz Wilhelm",0,0,0,0,1,10,0
"1370","Glitz Willi",0,0,0,0,1,9,0
"1371","Gloerfeld Wolfgang",0,0,0,0,4,2,0
"1372","Gmelin Knud",0,0,0,0,6,2,0
"1373","Gorlach Gerhard",0,0,0,0,6,8,0
"1374","Gossow Heinz",0,0,0,0,2,6,0
"1375","Grab Albert",0,0,0,0,1,5,0
"1376","Grabe Horst",0,0,0,0,8,0,0
"1377","Gren Kurt",0,0,0,0,10,12,0
"1378","Grimm Horst",0,0,0,0,5,4,0
"1379","Gross Alfred",0,0,0,0,3,8,0
"1380","Gross Artur",0,0,0,0,2,8,0
"1381","Grossfuss Detlef",0,0,0,0,7,8,0
"1382","Grubert Hans",0,0,0,0,14,0,0
"1383","Grumme Ernst-Dietrich",0,0,0,0,33,11,0
"1384","Gunther Kurt",0,0,0,0,9,3,0
"1385","Guthenke Hans-Georg",0,0,0,0,6,7,0
"1386","Guttmann Gerhard",0,0,0,0,1,7,0
"1387","Haala Sigurd",0,0,0,0,6,34,0
"1388","Haas Friedrich",0,0,0,0,2,34,0
"1389","Haase Ernst",0,0,0,0,5,13,0
"1390","Haase Gunter",0,0,0,0,6,0,0
"1391","Hager Johannes",0,0,0,0,19,10,0
"1392","Hahne Wolfgang",0,0,0,0,11,0,0
"1393","Haller Gunther",0,0,0,0,5,8,0
"1394","Hamer Joachim",0,0,0,0,29,0,0
"1395","Hanke Heinz",0,0,0,0,5,5,0
"1396","Hannig Nobert",0,0,0,0,9,1,0
"1397","Hannig Norbert",0,0,0,0,1,6,0
"1398","Hanshen Ulrich",0,0,0,0,4,2,0
"1399","Hanss Joachim",0,0,0,0,1,9,0
"1400","Happatsch Hans-Joachim",0,0,0,0,6,0,0
"1401","Hartig August",0,0,0,0,4,3,0
"1402","Hartl Andreas",0,0,0,0,7,8,0
"1403","Hartmann Johann",0,0,0,0,10,0,0
"1404","Heckmann Gunther",0,0,0,0,11,15,0
"1405","Heemsoth Richard",0,0,0,0,3,3,0
"1406","Heicke Jurgen",0,0,0,0,6,0,0
"1407","Heilig Bruno",0,0,0,0,2,6,0
"1408","Heimann Friedrich",0,0,0,0,20,2,0
"1409","Heinzelmann Emil",0,0,0,0,6,0,0
"1410","Held Anton",0,0,0,0,15,0,0
"1411","Henning Ernst",0,0,0,0,6,0,0
"1412","Henseler Wilhelm",0,0,0,0,4,5,0
"1413","Hermann Bernhard von",0,0,0,0,5,7,0
"1414","Herre Herbert",0,0,0,0,8,0,0
"1415","Herrmann Wilfried",0,0,0,0,6,0,0
"1416","Hessel Bernhard",0,0,0,0,35,0,0
"1417","Hevia Gonzalo",0,0,0,0,11,0,0
"1418","Heym Gunther",0,0,0,0,13,4,0
"1419","Hicke Walter",0,0,0,0,6,0,0
"1420","Hirschfeld Ernst-Erich",0,0,0,0,8,17,0
"1421","Hoerschelmann Jurgen",0,0,0,0,10,23,0
"1422","Holstein Hermann",0,0,0,0,6,3,0
"1423","Holzmann Josef",0,0,0,0,3,4,0
"1424","Hommel Heinz",0,0,0,0,6,0,0
"1425","Hondt Erich",0,0,0,0,7,5,0
"1426","Hopf Werner",0,0,0,0,2,12,0
"1427","Horstmann Hermann",0,0,0,0,9,0,0
"1428","Hosmann Karl",0,0,0,0,9,0,0
"1429","Hubl Rudolf",0,0,0,0,6,14,0
"1430","Hubner Wilhelm",0,0,0,0,15,30,0
"1431","Iffland Hans",0,0,0,0,1,17,0
"1432","Isken Eduard",0,0,0,0,8,7,0
"1433","Jaacks Egbert",0,0,0,0,4,2,0
"1434","Jahn Gunther",0,0,0,0,6,4,0
"1435","Jahnke Ewald",0,0,0,0,7,0,0
"1436","Jahnke Walter",0,0,0,0,19,15,0
"1437","Jank Wolfgang",0,0,0,0,6,0,0
"1438","Janke Ewald",0,0,0,0,3,6,0
"1439","Jankovic Jozef",0,0,0,0,6,0,0
"1440","Jauer Erich",0,0,0,0,12,0,0
"1441","Jenne Peter",0,0,0,0,4,3,0
"1442","Jessen Heinrich",0,0,0,0,6,0,0
"1443","John Horst",0,0,0,0,7,0,0
"1444","Johne Helmut",0,0,0,0,2,4,0
"1445","Johnen Wilhelm (Wim)",0,0,0,0,6,25,1
"1446","Jost Friedrich",0,0,0,0,6,0,0
"1447","Josten Gunther",0,0,0,0,81,29,0
"1448","Jung Detlef",0,0,0,0,3,10,0
"1449","Jung Hans-Ulrich",0,0,0,0,1,10,0
"1450","Jurgens Hans",0,0,0,0,18,4,0
"1451","Kabbe Lothar",0,0,0,0,1,6,0
"1452","Kabisch Helmut",0,0,0,0,6,0,0
"1453","Kaiser Theodor",0,0,0,0,9,0,0
"1454","Kalber Fritz",0,0,0,0,2,4,0
"1455","Kalden Peter",0,0,0,0,12,29,0
"1456","Kamptz Henning von",0,0,0,0,3,3,0
"1457","Kap-Herr Hermann von",0,0,0,0,3,4,0
"1458","Kapp Karl-Heinz",0,0,0,0,10,14,0
"1459","Karch Fritz",0,0,0,0,16,3,0
"1460","Kaross Eberhard",0,0,0,0,1,10,0
"1461","Karsten Kurt",0,0,0,0,6,0,0
"1462","Kastenhuber Hans",0,0,0,0,5,4,0
"1463","Kattlun Heinz",0,0,0,0,12,0,0
"1464","Keil Georg",0,0,0,0,3,5,0
"1465","Kelch Gunther",0,0,0,0,14,0,0
"1466","Kerkhoff Ernst",0,0,0,0,9,0,0
"1467","Kiefner Georg",0,0,0,0,2,10,0
"1468","Kiesel Wolfgang",0,0,0,0,8,0,0
"1469","Kilian Jurgen",0,0,0,0,2,6,0
"1470","Kioworra Hermann",0,0,0,0,8,0,0
"1471","Kirchner Horst",0,0,0,0,6,5,0
"1472","Kirnbauer Herbert",0,0,0,0,9,0,0
"1473","Kirstein Helmut",0,0,0,0,8,0,0
"1474","Klaus Berthold",0,0,0,0,6,1,0
"1475","Klein Alfons",0,0,0,0,8,18,0
"1476","Klopper Friedrich",0,0,0,0,6,0,0
"1477","Klug Franz",0,0,0,0,11,0,0
"1478","Knichel Karl",0,0,0,0,6,0,0
"1479","Knieling Wolfgang",0,0,0,0,1,9,0
"1480","Koch Felix",0,0,0,0,6,1,0
"1481","Koch Herbert",0,0,0,0,5,13,0
"1482","Koch Raimund",0,0,0,0,16,17,0
"1483","Koch Robert",0,0,0,0,2,10,0
"1484","Kociok Josef",0,0,0,0,22,0,0
"1485","Kohlhagen Kurt",0,0,0,0,1,22,0
"1486","Koller Herbert",0,0,0,0,12,17,0
"1487","Koltringer Christian",0,0,0,0,6,0,0
"1488","Konter Helmut",0,0,0,0,1,14,0
"1489","Kopfinski Gunter",0,0,0,0,5,1,0
"1490","Koppe Heinz",0,0,0,0,4,3,0
"1491","Kornstadt Hans-Ulrich",0,0,0,0,6,0,0
"1492","Koschack Helmut",0,0,0,0,7,3,0
"1493","Kossatz Gunther",0,0,0,0,24,4,0
"1494","Kostler Oskar",0,0,0,0,12,0,0
"1495","Kovarik Izidor",0,0,0,0,26,0,0
"1496","Kraft Georg",0,0,0,0,14,0,0
"1497","Kraft Josef",0,0,0,0,6,31,0
"1498","Krahnke Wolfgang",0,0,0,0,32,0,0
"1499","Krakowitzer Friedrich",0,0,0,0,15,10,0
"1500","Kratz Benno",0,0,0,0,2,4,0
"1501","Krause Bodo",0,0,0,0,4,10,0
"1502","Krauter Wilhelm",0,0,0,0,4,10,0
"1503","Krisko Vladimir",0,0,0,0,9,0,0
"1504","Kruse Fritz",0,0,0,0,6,0,0
"1505","Kuehl Helmut",0,0,0,0,16,2,0
"1506","Kuhle Hellmuth",0,0,0,0,8,0,0
"1507","Kuhn Gunther",0,0,0,0,6,0,0
"1508","Kunze Bernhard",0,0,0,0,9,0,0
"1509","Kurz Gunther",0,0,0,0,33,0,0
"1510","Kutzner Otto",0,0,0,0,2,6,0
"1511","Lacha Martin",0,0,0,0,11,0,0
"1512","Lamprecht Wolfgang",0,0,0,0,6,0,0
"1513","Landau Robert",0,0,0,0,6,0,0
"1514","Landt Gunther",0,0,0,0,10,14,0
"1515","Lang Emil",0,0,0,0,126,48,0
"1516","Lange Friedrich",0,0,0,0,3,5,0
"1517","Lange Helmut",0,0,0,0,4,5,0
"1518","Langmann Gunter",0,0,0,0,6,0,0
"1519","Lanzenbacher Adolf",0,0,0,0,9,1,0
"1520","Lau Fritz",0,0,0,0,3,12,0
"1521","Laun Hans",0,0,0,0,8,0,0
"1522","Lehner Alfred",0,0,0,0,13,11,0
"1523","Leickhardt Hans",0,0,0,0,2,8,0
"1524","Lemke Siegfried",0,0,0,0,11,45,0
"1525","Leube Hermann",0,0,0,0,6,11,0
"1526","Leuchs Rolf",0,0,0,0,5,4,0
"1527","Licha Ludwig",0,0,0,0,8,1,0
"1528","Liebelt Fritz",0,0,0,0,3,8,0
"1529","Liedtke Karlfriedrich",0,0,0,0,6,0,0
"1530","Lindelaub Friedrich",0,0,0,0,5,1,0
"1531","Lindenschmid Albert",0,0,0,0,6,0,0
"1532","Linz Rudolf",0,0,0,0,4,44,0
"1533","Lipfert Helmut",0,0,0,0,80,86,37
"1534","Loeber Gerhard",0,0,0,0,9,0,0
"1535","Loffler Hannes",0,0,0,0,10,7,0
"1536","Loffler Kurt",0,0,0,0,7,4,0
"1537","Lofgen Richard",0,0,0,0,2,5,0
"1538","Lonnecker Heinrich",0,0,0,0,5,3,0
"1539","Loos Gerhard",0,0,0,0,84,0,0
"1540","Loose Fritz",0,0,0,0,2,5,0
"1541","Lorey Josef",0,0,0,0,6,0,0
"1542","Losch Waldo",0,0,0,0,6,6,0
"1543","Lubking August",0,0,0,0,4,27,0
"1544","Luchau Karl-Heinz",0,0,0,0,10,7,0
"1545","Luck Heinz-Gunther",0,0,0,0,5,1,0
"1546","Ludtke Heinz",0,0,0,0,7,0,0
"1547","Ludtke Horst",0,0,0,0,15,0,0
"1548","Luth Detlef",0,0,0,0,8,0,0
"1549","Mader Josef",0,0,0,0,11,2,0
"1550","Mai Gerhard",0,0,0,0,6,5,0
"1551","Maiwald Manfred",0,0,0,0,14,0,0
"1552","Mang Paul",0,0,0,0,5,3,0
"1553","Mangelsdorf Rudolf",0,0,0,0,3,4,0
"1554","Markhoff Hans",0,0,0,0,8,2,0
"1555","Markl Johann",0,0,0,0,7,0,0
"1556","Marquardt Heinz (Negus)",0,0,0,0,6,83,18
"1557","Martinko Eduard",0,0,0,0,10,0,0
"1558","Matusek Anton",0,0,0,0,11,0,0
"1559","May Friedrich",0,0,0,0,46,4,0
"1560","Mayer Wilhelm",0,0,0,0,14,24,0
"1561","Meien Ulrich von",0,0,0,0,4,3,0
"1562","Meier Johann-Hermann",0,0,0,0,65,11,0
"1563","Meindl Franz",0,0,0,0,23,4,0
"1564","Meissner Hans",0,0,0,0,16,7,0
"1565","Meister Dieter",0,0,0,0,7,1,0
"1566","Meltzer Karl-Heinz",0,0,0,0,45,0,0
"1567","Merkle Hans-Jorg",0,0,0,0,21,0,0
"1568","Meschke Heinz",0,0,0,0,5,2,0
"1569","Metz Rudolf",0,0,0,0,1,13,0
"1570","Meurer Manfred",0,0,0,0,34,2,0
"1571","Mey Wilhelm",0,0,0,0,8,0,0
"1572","Meyer Rudi",0,0,0,0,15,0,0
"1573","Meyer Rudolf",0,0,0,0,8,0,0
"1574","Meyer-Ahrend Robert",0,0,0,0,6,0,0
"1575","Meyer-Arend Robert",0,0,0,0,5,9,0
"1576","Michaels Herbert",0,0,0,0,3,3,0
"1577","Michelka Kurt",0,0,0,0,14,3,0
"1578","Misch Heinz",0,0,0,0,1,7,0
"1579","Mischke Helmut",0,0,0,0,8,8,0
"1580","Missner Helmut",0,0,0,0,32,44,0
"1581","Mittermaier Alfons",0,0,0,0,7,0,0
"1582","Moller Klaus",0,0,0,0,2,8,0
"1583","Muller Ferdinand",0,0,0,0,8,0,0
"1584","Muller Hans-Hermann",0,0,0,0,6,4,0
"1585","Muller Heinz",0,0,0,0,3,8,0
"1586","Muller Martin",0,0,0,0,6,0,0
"1587","Muller Otto",0,0,0,0,2,4,0
"1588","Müller Friedrich-Karl (Nasen)",0,0,0,0,19,8,3
"1589","Muller-Hagen Rainer",0,0,0,0,2,13,0
"1590","Munderloh Georg",0,0,0,0,13,0,0
"1591","Munsche Karl-Heinz",0,0,0,0,10,8,0
"1592","Munster Leopold",0,0,0,0,40,22,0
"1593","Myrrhe Lothar",0,0,0,0,6,0,0
"1594","Nabrich Josef",0,0,0,0,6,13,0
"1595","Naegele Fritz",0,0,0,0,2,5,0
"1596","Nagele Franz",0,0,0,0,5,5,0
"1597","Nairz Max",0,0,0,0,7,0,0
"1598","Nawrath Heinz",0,0,0,0,6,0,0
"1599","Nebel Karl-Heinz",0,0,0,0,7,3,0
"1600","Necesany Kurt",0,0,0,0,6,1,0
"1601","Nemitz Willi",0,0,0,0,28,0,0
"1602","Nettingsmeier Wilhelm",0,0,0,0,6,0,0
"1603","Neu Wolfgang",0,0,0,0,6,6,0
"1604","Neubock Ludwig",0,0,0,0,21,3,0
"1605","Neumann Helmut",0,0,0,0,9,36,0
"1606","Neumann Klaus",0,0,0,0,1,20,5
"1607","Neumann Klaus-Heinz",0,0,0,0,11,0,0
"1608","Niebelschutz Hans von",0,0,0,0,8,0,0
"1609","Niebelschutz Wolfgang von",0,0,0,0,8,0,0
"1610","Niederhagen Kurt",0,0,0,0,15,0,0
"1611","Niese Eberhard",0,0,0,0,6,6,0
"1612","Niese Erhard",0,0,0,0,2,5,0
"1613","Nolte Helmuth",0,0,0,0,7,0,0
"1614","Nordmann Jurgen",0,0,0,0,16,18,0
"1615","Norz Jakob",0,0,0,0,41,49,0
"1616","Oberheide Heinz",0,0,0,0,6,1,0
"1617","Oberhofer Anton",0,0,0,0,10,2,0
"1618","Obleser Friedrich",0,0,0,0,82,18,0
"1619","Ohl Wolfgang",0,0,0,0,5,4,0
"1620","Otten Karl-Heinz",0,0,0,0,9,0,0
"1621","Ottnad Alexander",0,0,0,0,4,9,0
"1622","Pancritius Hans",0,0,0,0,10,0,0
"1623","Pankalla Gerhard",0,0,0,0,3,4,0
"1624","Papendick Heinz",0,0,0,0,12,6,0
"1625","Passhaus Karl",0,0,0,0,7,17,0
"1626","Peters Erhard",0,0,0,0,7,25,0
"1627","Petzschler Horst",0,0,0,0,3,15,8
"1628","Pfahler Hans",0,0,0,0,31,0,0
"1629","Pfuller Helmut",0,0,0,0,25,0,0
"1630","Pieper Franz",0,0,0,0,6,2,0
"1631","Pilz Heinz",0,0,0,0,7,3,0
"1632","Planer Herbert",0,0,0,0,2,14,0
"1633","Plewa Robert",0,0,0,0,6,0,0
"1634","Plucker Karl-Heinz",0,0,0,0,19,23,0
"1635","Poetschk Gerhard",0,0,0,0,9,0,0
"1636","Potthast Fritz",0,0,0,0,1,7,0
"1637","Press Hans",0,0,0,0,3,14,0
"1638","Preusger Helmut",0,0,0,0,2,9,0
"1639","Prinz Werner",0,0,0,0,11,4,0
"1640","Pritzl Otto",0,0,0,0,1,5,0
"1641","Puchberger Friedrich",0,0,0,0,4,12,0
"1642","Puls Werner",0,0,0,0,27,0,0
"1643","Putzkuhl Josef",0,0,0,0,6,19,0
"1644","Quarda Josef",0,0,0,0,1,38,0
"1645","Querengasser Gerhard",0,0,0,0,2,4,0
"1646","Rachner Hans",0,0,0,0,3,7,0
"1647","Radener Waldemar-H (Waldi)",0,0,0,0,16,22,0
"1648","Ransmayer Hans",0,0,0,0,8,21,0
"1649","Rappl Franz",0,0,0,0,6,1,0
"1650","Rathke Waldemar",0,0,0,0,12,2,0
"1651","Raum Hans",0,0,0,0,3,9,0
"1652","Raupach Richard",0,0,0,0,16,2,0
"1653","Rechberger Karl",0,0,0,0,8,0,0
"1654","Reinhold Gerhard",0,0,0,0,14,20,0
"1655","Reischer Peter",0,0,0,0,9,10,0
"1656","Reiter Theodor",0,0,0,0,7,0,0
"1657","Reitinger Friedrich",0,0,0,0,9,0,0
"1658","Reitmeyer Ernst",0,0,0,0,4,13,0
"1659","Rentsch Wolfgang",0,0,0,0,7,5,0
"1660","Resch Anton",0,0,0,0,10,28,0
"1661","Reschke Heinz",0,0,0,0,1,7,0
"1662","Reznak Jan",0,0,0,0,32,0,0
"1663","Richter Ernst",0,0,0,0,3,12,0
"1664","Riedlberger Walter",0,0,0,0,2,6,0
"1665","Ritter Rudolf",0,0,0,0,7,0,0
"1666","Ritzenberger Karl",0,0,0,0,19,0,0
"1667","Roder Kurt",0,0,0,0,7,0,0
"1668","Roder Werner",0,0,0,0,4,2,0
"1669","Rohde Peter",0,0,0,0,4,6,0
"1670","Rohlfing Walter",0,0,0,0,4,6,0
"1671","Rolland Heinz",0,0,0,0,7,3,0
"1672","Roller Robert",0,0,0,0,7,4,0
"1673","Rolly Horst",0,0,0,0,12,6,0
"1674","Rosenberg Helmut",0,0,0,0,2,7,0
"1675","Rosle Fritz",0,0,0,0,8,0,0
"1676","Rudloff Hans-Werner von",0,0,0,0,5,2,0
"1677","Rudschinat Siegfried",0,0,0,0,2,10,0
"1678","Ruhl Franz",0,0,0,0,30,13,0
"1679","Ryll Hartmut",0,0,0,0,8,0,0
"1680","Sachsenberg Heinz (Wimmersal)",0,0,0,0,52,50,2
"1681","Sack Horst",0,0,0,0,5,1,0
"1682","Sanchez-Arjona Fernando",0,0,0,0,7,0,0
"1683","Sarge Walter",0,0,0,0,9,0,0
"1684","Sauber Robert",0,0,0,0,8,0,0
"1685","Schade Eberhard",0,0,0,0,3,9,0
"1686","Schafer Ernst",0,0,0,0,5,12,0
"1687","Schäfer Hans",0,0,0,0,5,14,0
"1688","Schaldt Werner",0,0,0,0,7,1,0
"1689","Schall Franz",0,0,0,0,26,96,11
"1690","Scharfenberg Rudolf",0,0,0,0,1,5,0
"1691","Schaus Jakob",0,0,0,0,3,19,0
"1692","Scheel Günther",0,0,0,0,70,0,0
"1693","Scheer Friedrich",0,0,0,0,10,8,0
"1694","Scherkenbeck Josef",0,0,0,0,15,0,0
"1695","Scheufele Ernst",0,0,0,0,1,13,0
"1696","Schicketanz Otto",0,0,0,0,11,4,0
"1697","Schlothauer Werner",0,0,0,0,7,0,0
"1698","Schmidt Dietrich",0,0,0,0,9,29,5
"1699","Schmidt Karl-Heinz",0,0,0,0,1,8,0
"1700","Schmied Hermann",0,0,0,0,5,1,0
"1701","Schmude Karl-Heinz",0,0,0,0,2,9,0
"1702","Schneider Bruno",0,0,0,0,6,0,0
"1703","Schneider Fritz",0,0,0,0,9,1,0
"1704","Schneider Gerhard",0,0,0,0,41,0,0
"1705","Schnoll Alois",0,0,0,0,8,0,0
"1706","Schnoor Emil-Rudolf",0,0,0,0,12,8,0
"1707","Schon Walter",0,0,0,0,7,0,0
"1708","Schrade Hans",0,0,0,0,5,5,0
"1709","Schroder Georg",0,0,0,0,6,12,0
"1710","Schuhmacher Leo",0,0,0,0,2,8,0
"1711","Schuler Fritz",0,0,0,0,4,3,0
"1712","Schulte Helmuth",0,0,0,0,1,20,0
"1713","Schulz Egon",0,0,0,0,2,4,0
"1714","Schuster Hermann",0,0,0,0,28,0,0
"1715","Seeler Karl-Heinz",0,0,0,0,4,10,0
"1716","Seewald Karl-Ludwig",0,0,0,0,11,0,0
"1717","Seyffardt Fritz",0,0,0,0,9,0,0
"1718","Simross Herbert",0,0,0,0,3,3,0
"1719","Skreba Wilhelm",0,0,0,0,3,11,0
"1720","Skreba Willi",0,0,0,0,3,6,0
"1721","Sliwa Leo",0,0,0,0,1,7,0
"1722","Smiatek Horst",0,0,0,0,18,0,0
"1723","Soffing Waldemar",0,0,0,0,10,17,0
"1724","Sothe Fritz",0,0,0,0,9,28,0
"1725","Speidel Werner",0,0,0,0,12,0,0
"1726","Spoden Peter",0,0,0,0,3,7,0
"1727","Stahlberg Erwin",0,0,0,0,8,4,0
"1728","Stark Gunther",0,0,0,0,3,14,0
"1729","Stauder Jozef",0,0,0,0,14,0,0
"1730","Stedtfeld Gunther",0,0,0,0,2,6,0
"1731","Steegen Herbert ter",0,0,0,0,2,5,0
"1732","Stehle Fritz",0,0,0,0,1,6,0
"1733","Steiner Franz",0,0,0,0,7,15,0
"1734","Steinke Rolf",0,0,0,0,8,1,0
"1735","Steinmann Wilhelm",0,0,0,0,5,24,9
"1736","Sterl Andreas",0,0,0,0,17,36,0
"1737","Stickel Heinz",0,0,0,0,6,0,0
"1738","Stiebler Wolf",0,0,0,0,9,0,0
"1739","Stiebler Wolf-Dieter",0,0,0,0,16,0,0
"1740","Stock Hermann",0,0,0,0,4,4,0
"1741","Strater Albert",0,0,0,0,8,0,0
"1742","Stroinigg Hans",0,0,0,0,4,8,0
"1743","Suhr Helmut",0,0,0,0,1,9,0
"1744","Surau Alfred",0,0,0,0,50,0,0
"1745","Swoboda Hubert",0,0,0,0,2,8,0
"1746","Szardenings Rudolf",0,0,0,0,4,5,0
"1747","Tangermann Kurt",0,0,0,0,14,16,0
"1748","Thomas Helmut",0,0,0,0,8,0,0
"1749","Thyben Gerhard",0,0,0,0,34,33,0
"1750","Tichy Ekkehard",0,0,0,0,16,10,0
"1751","Timme Horst",0,0,0,0,14,0,0
"1752","Tischtau Manfred",0,0,0,0,3,4,0
"1753","Todt Hans",0,0,0,0,1,6,0
"1754","Traphan Rudolf",0,0,0,0,10,0,0
"1755","Treuberg Eberhard Graf von",0,0,0,0,2,15,0
"1756","Triep Gunther",0,0,0,0,6,0,0
"1757","Trowal Franz",0,0,0,0,2,5,0
"1758","Uhlig Lothar",0,0,0,0,1,5,0
"1759","Ulbrich Martin",0,0,0,0,8,18,0
"1760","Venjakob Otto",0,0,0,0,12,13,0
"1761","Vogel Friedrich",0,0,0,0,6,0,0
"1762","Voigt Dieter",0,0,0,0,2,17,0
"1763","Volkmann Wilhelm",0,0,0,0,6,1,0
"1764","Vollet Hans",0,0,0,0,2,8,0
"1765","Vorhauer Hans",0,0,0,0,10,0,0
"1766","Wagner Gerhard",0,0,0,0,1,14,0
"1767","Wallner Otto",0,0,0,0,12,0,0
"1768","Weber Wilhelm",0,0,0,0,29,0,0
"1769","Weik Hans",0,0,0,0,13,24,0
"1770","Weippert Gustav",0,0,0,0,1,6,0
"1771","Weissenberger Theodor",0,0,0,0,31,80,0
"1772","Welk Hannes",0,0,0,0,12,23,1
"1773","Welter Kurt",0,0,0,0,7,32,9
"1774","Weninger Rupert",0,0,0,0,5,5,0
"1775","Werner Otto",0,0,0,0,8,0,0
"1776","Wernicke Heinz",0,0,0,0,28,63,0
"1777","Werthner Hans",0,0,0,0,1,7,0
"1778","Wettstein Helmut",0,0,0,0,11,1,0
"1779","Wever Walther",0,0,0,0,22,22,0
"1780","Weyl Gerhard",0,0,0,0,7,1,0
"1781","Widmaier Viktor",0,0,0,0,4,4,0
"1782","Wiegand Gerd",0,0,0,0,15,16,0
"1783","Wiegand Werner",0,0,0,0,5,3,0
"1784","Wielebinski Paul",0,0,0,0,1,8,0
"1785","Wiesmahr Gustav",0,0,0,0,20,0,0
"1786","Wirtgen Rudolf",0,0,0,0,1,11,0
"1787","Wischnewski Hermann",0,0,0,0,7,17,0
"1788","Witt Hermann",0,0,0,0,9,0,0
"1789","Woeste Achim",0,0,0,0,3,8,0
"1790","Wolf Robert",0,0,0,0,1,17,0
"1791","Wolfrum Walter",0,0,0,0,21,104,0
"1792","Wurm Heinz",0,0,0,0,16,0,0
"1793","Wurzer Heinrich",0,0,0,0,1,25,0
"1794","Yung Fritz",0,0,0,0,4,7,0
"1795","Zechlin Ernst",0,0,0,0,2,8,0
"1796","Zelenak Pavol",0,0,0,0,12,0,0
"1797","Zemper Ulrich",0,0,0,0,2,4,0
"1798","Ziegenfuss Kurt",0,0,0,0,5,1,0
"1799","Zorner Paul",0,0,0,0,19,39,1
"1800","Zoufahl Franz-Josef",0,0,0,0,8,18,0
"1801","Zschabitz Gerhard",0,0,0,0,1,10,0
"1802","Arnold Heinz",0,0,0,0,0,24,0
"1803","Artner Rudolf",0,0,0,0,0,12,0
"1804","Bachhuber Fridolin",0,0,0,0,0,6,0
"1805","Barz Erich",0,0,0,0,0,32,0
"1806","Bellinghausen Theodor",0,0,0,0,0,7,0
"1807","Bertram Gunther",0,0,0,0,0,14,0
"1808","Beyer Konrad",0,0,0,0,0,10,0
"1809","Boeckl Albert",0,0,0,0,0,8,0
"1810","Bösch Oskar",0,0,0,0,0,9,9
"1811","Brachmeyer Paul",0,0,0,0,0,12,0
"1812","Breves Adolf",0,0,0,0,0,12,0
"1813","Briegleb Walter",0,0,0,0,0,15,0
"1814","Brunner Friedrich",0,0,0,0,0,7,0
"1815","Budde Alfred",0,0,0,0,0,21,0
"1816","Busen Franz",0,0,0,0,0,10,0
"1817","Bussow Otto",0,0,0,0,0,7,0
"1818","Clemens Curt",0,0,0,0,0,6,0
"1819","Cohrs Werner",0,0,0,0,0,17,0
"1820","Delakowitz Richard",0,0,0,0,0,7,0
"1821","Dieterle Manfred",0,0,0,0,0,8,0
"1822","Dobrath Walter",0,0,0,0,0,8,0
"1823","Dorr Heinrich",0,0,0,0,0,8,0
"1824","Dortenmann Hans",0,0,0,0,0,25,14
"1825","Dreizehner Gerhard",0,0,0,0,0,6,0
"1826","Druhe Herbert",0,0,0,0,0,10,0
"1827","Durr Hermann",0,0,0,0,0,6,0
"1828","Ebhardt Rolf",0,0,0,0,0,6,0
"1829","Eduard Gustav",0,0,0,0,0,7,0
"1830","Ellenrieder Xaver",0,0,0,0,0,6,0
"1831","Engel Walter",0,0,0,0,0,10,0
"1832","Engler Gunther",0,0,0,0,0,8,0
"1833","Erhardt Otto",0,0,0,0,0,11,0
"1834","Faltin Kurt",0,0,0,0,0,6,0
"1835","Fengler Georg",0,0,0,0,0,9,0
"1836","Fensch Frithjof",0,0,0,0,0,12,0
"1837","Fischer August",0,0,0,0,0,9,0
"1838","Forster Josef",0,0,0,0,0,16,0
"1839","Fradich Gerhard",0,0,0,0,0,6,0
"1840","Francsi Gustav",0,0,0,0,0,36,0
"1841","Franz Richard",0,0,0,0,0,7,11
"1842","Fries (Vries) Heinz de",0,0,0,0,0,6,0
"1843","Fritze Rudolf",0,0,0,0,0,9,0
"1844","Gabler Kurt",0,0,0,0,0,14,0
"1845","Gartner Artur",0,0,0,0,0,9,0
"1846","Gehring Erich",0,0,0,0,0,7,0
"1847","Geisthovel Heiner",0,0,0,0,0,6,0
"1848","Goetze Manfred",0,0,0,0,0,6,0
"1849","Grath Rudolf",0,0,0,0,0,12,0
"1850","Grumme Ernst-Dieter",0,0,0,0,0,8,0
"1851","Gunther Ernst",0,0,0,0,0,10,0
"1852","Gunther Joachim",0,0,0,0,0,8,0
"1853","Gutweniger Anton",0,0,0,0,0,6,0
"1854","Haehnlein Georg",0,0,0,0,0,17,0
"1855","Hallenberger Wilhelm",0,0,0,0,0,8,0
"1856","Hanf Gerhard",0,0,0,0,0,6,0
"1857","Hanneck Gottfried",0,0,0,0,0,6,0
"1858","Hartmann Ludwig",0,0,0,0,0,8,0
"1859","Hartrampf Horst",0,0,0,0,0,37,0
"1860","Hayessen Hans-Joachim",0,0,0,0,0,6,0
"1861","Heinig Gunther",0,0,0,0,0,10,0
"1862","Heinze Helmut",0,0,0,0,0,10,0
"1863","Hesse Erich",0,0,0,0,0,8,0
"1864","Hiebl Georg",0,0,0,0,0,9,0
"1865","Hiller Karl",0,0,0,0,0,8,0
"1866","Hofmann Rudolf",0,0,0,0,0,20,0
"1867","Holzinger Franz",0,0,0,0,0,10,0
"1868","Hommes Heinz",0,0,0,0,0,7,0
"1869","Huss Werner",0,0,0,0,0,6,0
"1870","Ilk Iro",0,0,0,0,0,9,0
"1871","Jeworrek Heinz",0,0,0,0,0,6,0
"1872","Jochim Berthold",0,0,0,0,0,6,0
"1873","Johannes Bernhard",0,0,0,0,0,16,0
"1874","Jurling Walter",0,0,0,0,0,6,0
"1875","Juste (name is Just: see Search Tips for explanation) Gottfried",0,0,0,0,0,6,0
"1876","Kaiser Adolf",0,0,0,0,0,6,0
"1877","Karcher Richard",0,0,0,0,0,6,0
"1878","Karlowski Hans",0,0,0,0,0,6,0
"1879","Kittel Otto 'Bruno'",0,0,0,0,0,15,2
"1880","Koch Gerhard",0,0,0,0,0,6,0
"1881","Kopf Thomas",0,0,0,0,0,9,0
"1882","Krah Heinz",0,0,0,0,0,8,0
"1883","Krahforst Josef",0,0,0,0,0,11,0
"1884","Kramer Gerhard",0,0,0,0,0,8,0
"1885","Krause Josef",0,0,0,0,0,11,0
"1886","Krober Erhard",0,0,0,0,0,6,0
"1887","Kroker Eberhard",0,0,0,0,0,14,0
"1888","Kuttner Siegfried",0,0,0,0,0,6,0
"1889","Lambert August",0,0,0,0,0,14,0
"1890","Lamprecht Bernhard",0,0,0,0,0,6,0
"1891","Lauterbach Heinz",0,0,0,0,0,7,0
"1892","Lechner Johann",0,0,0,0,0,6,0
"1893","Lingenau Erich",0,0,0,0,0,8,0
"1894","Lipcsey Adalbert von",0,0,0,0,0,8,0
"1895","Loos Walter",0,0,0,0,0,14,4
"1896","Marburg Gerhard",0,0,0,0,0,7,0
"1897","Marsfelde Gunther",0,0,0,0,0,10,0
"1898","Matzak Kurt",0,0,0,0,0,9,0
"1899","Maximowitz Willi",0,0,0,0,0,15,12
"1900","Mett Gerhard",0,0,0,0,0,9,0
"1901","Modrow Ernst-Wilhelm",0,0,0,0,0,33,1
"1902","Mollerke Kurt",0,0,0,0,0,7,0
"1903","Morlock Wilhelm",0,0,0,0,0,9,0
"1904","Moser Hans",0,0,0,0,0,7,0
"1905","Muller Erich",0,0,0,0,0,9,0
"1906","Muller W.",0,0,0,0,0,7,0
"1907","Müller Siegried",0,0,0,0,0,11,4
"1908","Murra Gerhard",0,0,0,0,0,8,0
"1909","Nanz Gunther",0,0,0,0,0,9,0
"1910","Nehrig Adolf",0,0,0,0,0,24,0
"1911","Ney Berthold",0,0,0,0,0,9,0
"1912","Nitz Horst",0,0,0,0,0,6,0
"1913","Noack Bruno",0,0,0,0,0,19,0
"1914","Nolting Erhard",0,0,0,0,0,7,0
"1915","Nonnenmacher Emil",0,0,0,0,0,8,0
"1916","Ohlen Karl von",0,0,0,0,0,17,0
"1917","Oseau Walter (Gulle)",0,0,0,0,0,6,0
"1918","Pfeffer Alfred",0,0,0,0,0,7,0
"1919","Pokorny Gunter",0,0,0,0,0,6,0
"1920","Prager Hans",0,0,0,0,0,9,0
"1921","Prues Walter",0,0,0,0,0,6,0
"1922","Puttfarken Dietrich",0,0,0,0,0,7,0
"1923","Rathofer Fritz",0,0,0,0,0,8,0
"1924","Resch Carl",0,0,0,0,0,10,0
"1925","Reschke Willi",0,0,0,0,0,21,6
"1926","Reuter Heinz",0,0,0,0,0,11,0
"1927","Rieckhoff August",0,0,0,0,0,13,0
"1928","Riedel Hans",0,0,0,0,0,19,0
"1929","Rippert Horst",0,0,0,0,0,12,0
"1930","Rohr Karl",0,0,0,0,0,8,0
"1931","Rohrich Kurt",0,0,0,0,0,21,0
"1932","Rupp Bruno",0,0,0,0,0,9,0
"1933","Rusche Dieter",0,0,0,0,0,6,0
"1934","Sayn-Witttgenstein Heinrich zu",0,0,0,0,0,15,0
"1935","Schadowski Hans",0,0,0,0,0,6,0
"1936","Schafer Rolf-Dieter",0,0,0,0,0,10,0
"1937","Schausten Reinhard",0,0,0,0,0,6,0
"1938","Scheer Klaus",0,0,0,0,0,22,0
"1939","Schellner Heinz-Walter",0,0,0,0,0,7,0
"1940","Schiessl Josef",0,0,0,0,0,11,0
"1941","Schleef Erwin",0,0,0,0,0,11,0
"1942","Schliedermann Hans",0,0,0,0,0,11,0
"1943","Schlomann Heinrich",0,0,0,0,0,6,0
"1944","Schmidt Gunther",0,0,0,0,0,8,0
"1945","Schmitz Wolfgang",0,0,0,0,0,7,0
"1946","Schneider Gottfried",0,0,0,0,0,13,0
"1947","Scholz Hans-Joachim",0,0,0,0,0,7,0
"1948","Schrangl Hans",0,0,0,0,0,13,0
"1949","Schratter Robert",0,0,0,0,0,6,0
"1950","Schuecking Norbert",0,0,0,0,0,13,0
"1951","Schulze Ernst",0,0,0,0,0,8,0
"1952","Schuren Ernst",0,0,0,0,0,8,0
"1953","Schwaneke Gunther",0,0,0,0,0,6,0
"1954","Seevers Albert",0,0,0,0,0,7,0
"1955","Seidel Heinz",0,0,0,0,0,10,0
"1956","Seuss Wilhelm",0,0,0,0,0,8,0
"1957","Siebert Heinz",0,0,0,0,0,9,0
"1958","Starke Heinrich",0,0,0,0,0,8,0
"1959","Stephan Herbert",0,0,0,0,0,8,0
"1960","Stiegler Helmut",0,0,0,0,0,7,0
"1961","Strassner Johannes",0,0,0,0,0,6,0
"1962","Striebel Gunter",0,0,0,0,0,6,0
"1963","Strobele Georg",0,0,0,0,0,15,0
"1964","Suske Josef",0,0,0,0,0,10,0
"1965","Thielen Werner",0,0,0,0,0,10,0
"1966","Thörl Friedrich",0,0,0,0,0,6,0
"1967","Thummel Manfred",0,0,0,0,0,6,0
"1968","Thuroff Heinrich",0,0,0,0,0,16,0
"1969","Trenke Johann",0,0,0,0,0,9,0
"1970","Tschiersch Martin",0,0,0,0,0,8,0
"1971","Unger Willi",0,0,0,0,0,22,3
"1972","Vivroux Gerhard",0,0,0,0,0,11,0
"1973","Walterscheid Clemens",0,0,0,0,0,8,0
"1974","Walther Rudolf",0,0,0,0,0,14,0
"1975","Weinberger Leopold",0,0,0,0,0,6,0
"1976","Welsch Hugo",0,0,0,0,0,19,0
"1977","Weninger (Weniger) Rupert",0,0,0,0,0,13,0
"1978","Wenning Wolfgang",0,0,0,0,0,6,0
"1979","Wester Helmut",0,0,0,0,0,10,0
"1980","Wiegand Heinrich-Friedrich",0,0,0,0,0,6,0
"1981","Wiegand Kurt",0,0,0,0,0,7,0
"1982","Wiegmann Gunther",0,0,0,0,0,7,0
"1983","Wieland Edmund",0,0,0,0,0,7,0
"1984","Wilke Karl-Heinz",0,0,0,0,0,8,0
"1985","Wust Josef",0,0,0,0,0,6,0
"1986","Zacher Hans",0,0,0,0,0,7,0
"1987","Zilling Gunther",0,0,0,0,0,12,0
"1988","Zink Dieter",0,0,0,0,0,12,0
"1989","Zwesken Rudolf",0,0,0,0,0,10,0
